action,path,sha256_before,sha256_after
added,Agda/DASHI/Analysis/NonArchimedeanGibbsFiniteProjectionUniquenessBidiExact.agda,,09dbe05811ae82ad067ab01d0156c2878365655f15a6e9dd0d2ed14e89f0f9bc
added,Agda/DASHI/Analysis/NonArchimedeanPadicCylinderBorelSourceExact.agda,,5a4a4ecb3e41beeb845eceddf32f24f3e10328bcf4cbe5227a411cfbbac2001e
added,Agda/DASHI/Analysis/NonArchimedeanTaoConcentrationSameObjectNoGoExact.agda,,c389befb5cbedb1f478fdcca13f4bee1dd016efa8104fe9794d3c77201bae400
added,Agda/DASHI/Analysis/RiemannAristotleNearCoreDensityReturnRegression.agda,,ba51eb5895d0a20f20798d78bb3560013434bdee3b924bd96f2bfa2816790571
added,Agda/DASHI/Analysis/RiemannAristotleQuarterPeriodDensityWindowLeanReturnExact.agda,,3f361c46c6feb23b33e1340057d3ba72370582eb44e3e993705a867547d6664c
added,Agda/DASHI/Analysis/RiemannAristotleRHFinalAllowanceLeafSchedulerExact.agda,,b98433007156587f7cb36d3fd19db252cefeee15bb606b658bd30e51228e73e6
added,Agda/DASHI/Analysis/RiemannAristotleZetaLocalCountLeanReturnExact.agda,,e57d9f2ec9446fedf2a15d1af85c99f43eafb134abb66d91de8795d5488eb8ed
added,Agda/DASHI/Analysis/RiemannCriticalLineStabilityRefinementExact.agda,,aaed715e20be5a7cf467a552b0762ea636ca8a60f64c261d96cd59342551d0f6
added,Agda/DASHI/Analysis/RiemannExtendedSourceEntityQidBindingsExact.agda,,b4fa4de47625c99f4665b7b2be5b5736957ad7a115a4601d246c4e33d1347ca3
added,Agda/DASHI/Analysis/RiemannG2AlpogeFurmanClusteringNonDescentExact.agda,,48705dc212a57f4902aa01f3cc9f38510faaae7c97098caa754437beafbc0beb
added,Agda/DASHI/Analysis/RiemannG2BalanceFreeComplementContextExact.agda,,5bd5df8a30ccf96adccb388ea31193342d8bd83a01c07e543c0c88684f25ccab
added,Agda/DASHI/Analysis/RiemannG2BudgetNormalizedAnalyticCoresExact.agda,,fda68bcce9521d57b705ea4898ba9f53272e4bf467522ac31cb4835054eac318
added,Agda/DASHI/Analysis/RiemannG2BudgetNormalizedFinalOrderTransportExact.agda,,6f524cd71b9540e429a7ccd49720359fc3247900e4896a709d73cffff2dc82d9
added,Agda/DASHI/Analysis/RiemannG2ClayTerminalOneLeafCutExact.agda,,cbe5a62370ace01d29835cef6866641f245350b4641bfdb51db2c4e2b645c6bb
added,Agda/DASHI/Analysis/RiemannG2ConstructiveNegativeRHCompletionExact.agda,,59dcbf417aba370cb12838bbe04b8fbccc74e5237352a77102bb7289fbb2fd70
added,Agda/DASHI/Analysis/RiemannG2CurrentDirectOneLeafFrontierExact.agda,,3caf71600fefd25c8679515d74546f32d8d4a13b9e03def630ad60dfedd1bc7c
added,Agda/DASHI/Analysis/RiemannG2DirectClusterResponseContradictionExact.agda,,130f7816ae850af3bc9536363ce8d5ed118bc656d25b459c83ee9ada7b8f36e4
added,Agda/DASHI/Analysis/RiemannG2DirectComplementUnpaidContextExact.agda,,12ea5b1024ea75ade5a4d271d8c2110516732f2b9239423709c81ac88517bb73
added,Agda/DASHI/Analysis/RiemannG2DirectIndependentComplementMarginExact.agda,,c22f1777a4b766f15c9838aadc7b65052970d78ebc192ede59e47aab9362c328
added,Agda/DASHI/Analysis/RiemannG2ExplicitCutoffNearFarAgdaTransportCompilerExact.agda,,273f467bdea282ed0cb03fa62940be86478d8792edd328abf420dd6976eda181
added,Agda/DASHI/Analysis/RiemannG2FinalCutIntrospectionExact.agda,,d95ecb60eb6b8c0c36ffdfaf25da15ab5eec76a9887203948a724f8e14e211c1
added,Agda/DASHI/Analysis/RiemannG2FinalGammaRouteSchedulerRegression.agda,,22494c65d00f1e276bf789b6a6ce5e8a761ece563919de2d71acff8e615dfcc0
added,Agda/DASHI/Analysis/RiemannG2FinalNearIndexedFiniteProducerExact.agda,,645a50a077b0623d2b428078b8c573f50464f7050f3356bcf1f2389303c4742c
added,Agda/DASHI/Analysis/RiemannG2FinalNearIndexedLiteralModelCompilerExact.agda,,3c38db5712204f115a0c0c1c38bc85a63f36e8b176bffce188371e9f334dbd63
added,Agda/DASHI/Analysis/RiemannG2FinalNearLiteralKernelExact.agda,,1a626cfb3eacd71150be8a0e5341c6b70192b46cb71b417f1cd0370345ae9334
added,Agda/DASHI/Analysis/RiemannG2FinalOffAllowanceFactorizationRegression.agda,,22964858a00cb8499a3a3cac3998a297121b5e899b460b6ba9e4a97ecd38de94
added,Agda/DASHI/Analysis/RiemannG2FinalPoleNearObserverRefinementExact.agda,,5973d78895534261083062d25276cfd0cd43b35adf055cd0635ff29bd410a839
added,Agda/DASHI/Analysis/RiemannG2FinalPoleNearRouteReconciliationExact.agda,,6747a1470c7e1bafbff9e3d0a6924d519cf813ee2f8141ab95310b7950963a49
added,Agda/DASHI/Analysis/RiemannG2FinalPoleNearRouteRegression.agda,,ce940cacb8050f6a3edb8505b44763691156832a29d73b682fa637f38751ac1c
added,Agda/DASHI/Analysis/RiemannG2FinalPoleQuotientAnalyticCoreExact.agda,,5a4fb3103ef4c7f2ec65fe16fdd6765cd5c0bf4abc7c8c5737a9667ada3e9371
added,Agda/DASHI/Analysis/RiemannG2FinalPoleQuotientAnalyticCoreRegression.agda,,a916225e6d95fad5d520e149616e1a9facb254f79f3928e2c8224e2899866cdf
added,Agda/DASHI/Analysis/RiemannG2FinalPoleQuotientMinimalAnalyticCutExact.agda,,487c9d0c7598440f0c1e88f6a94738ba241c016552d59aa051527674a95925ae
added,Agda/DASHI/Analysis/RiemannG2FinalPoleQuotientTwoPaymentCutExact.agda,,c004d8c636962f952f50be1424709f866157c40d8b8dc48b8a71d4132ec82374
added,Agda/DASHI/Analysis/RiemannG2FinalPoleQuotientTwoPaymentCutRegression.agda,,a6c47372249955d6e814ea53f46ac569e1487377a0e051417e23fd89fa6e0d3f
added,Agda/DASHI/Analysis/RiemannG2FinalSplitComplementAllowanceAssemblyExact.agda,,05b6011e272b3cfdb8244c829da7289dc4f8b970b94288dbd326bad17c27e41e
added,Agda/DASHI/Analysis/RiemannG2FinalSplitComplementOrderTransportCompilerExact.agda,,a211120e9c65ce6dc207f84cd51c468ea1a5559521236d2bda9dae9e9197fa9e
added,Agda/DASHI/Analysis/RiemannG2FiniteNearIndexedLiteralKernelCompilerExact.agda,,00d7acdd7b424931e23d5edacaf494b88b88ccbe394b4469f6f59767c7061d06
added,Agda/DASHI/Analysis/RiemannG2FreshGammaEnvelopeAnalyticCoreExact.agda,,1c65ac8e1abd1abd40066bc74ea78d3d6b049529cfa724c1530dbfe2fc186fde
added,Agda/DASHI/Analysis/RiemannG2FreshSameTaperGammaEnvelopeCompilerExact.agda,,565548330cf0fffc495312b60bb91b0f38d51085674f4582834a777b4410d9f9
added,Agda/DASHI/Analysis/RiemannG2FreshSameTaperGammaEnvelopeRegression.agda,,56611607e677d603444044fc1b7cecf0cbba1232ca32a2ef230966468a121f21
added,Agda/DASHI/Analysis/RiemannG2IndependentComplementMarginFinalExact.agda,,aafb2267b300ab71172b68bdf68bbe723bc64d41bc01d1a5497eab356b2f72d0
added,Agda/DASHI/Analysis/RiemannG2LiteralComplementDirectTargetExact.agda,,68b609438e051e00d12e6da538e5503f4b95ecea690c6fd9cd7ed828ddf07c74
added,Agda/DASHI/Analysis/RiemannG2LiteralPhaseDirectClusterResponseExact.agda,,88f8e4231db64a9780769b3c4cf0661e31c276cf585130275282011b1cfb68a9
added,Agda/DASHI/Analysis/RiemannG2LiteralPhaseJointMarginCompilerExact.agda,,4d5809a9bb112b6769c7fb8f21cc9846a9b80e9179bed2f40181097e2569b43e
added,Agda/DASHI/Analysis/RiemannG2LiteralResponseNormalizedAnalyticCoresExact.agda,,a410821cff8cd37ba0dbf8bc0261b33b7825c0300ae45f68c55aa29579f83b19
added,Agda/DASHI/Analysis/RiemannG2LowGapClusteringMomentReductionExact.agda,,b501532823cab83e040a3a0a46d7584455f73feadd79b1568928660238b0e735
added,Agda/DASHI/Analysis/RiemannG2MinimalNearBudgetFinalOffSlackCompilerExact.agda,,cb8172d35da7fd0c94d51c622ce897c69725d3fdb14439690d94c6141680dc25
added,Agda/DASHI/Analysis/RiemannG2MinimalStrictResponseConsumerExact.agda,,50933fc9e75e53c400d68707f1c4e56073b42f553f99a4a7075344cef9fa05e8
added,Agda/DASHI/Analysis/RiemannG2PoleQuotientChannelAllowanceExact.agda,,b462c2431b824b1092b9e9c9f085de881771ce0b2038ed21a0ebaac434aebbab
added,Agda/DASHI/Analysis/RiemannG2PoleQuotientFinalCutReconciliationExact.agda,,db3acd7c549d1ba8642124bf51d9fd9deb0659186549158bafd5c4a8ea90cf99
added,Agda/DASHI/Analysis/RiemannG2PoleQuotientGammaAllowanceDirectCompilerExact.agda,,ee2bcb5fa0a541f8dba37e5253058d21f90095b6e26cec7a213200ee6e6cc11e
added,Agda/DASHI/Analysis/RiemannG2PoleQuotientOffAllowanceDirectCompilerExact.agda,,ef91a0197b6d6ac31ecf7637d55f57972ba24294f0ffea38a7814f496627a6ae
added,Agda/DASHI/Analysis/RiemannG2PoleQuotientOffChosenCutoffCompilerExact.agda,,d734e46fb0e9ec17602accbbea514599dfd08860b42ca157a37ae72123f655c7
added,Agda/DASHI/Analysis/RiemannG2PoleQuotientOffIntermediateAllowanceCompilerExact.agda,,26300a8cc1696064e72693e4a982b897aedeed55833e7a939ba2d07e2b6ad97a
added,Agda/DASHI/Analysis/RiemannG2PoleQuotientProducerAllowanceTargetExact.agda,,6c54c55e77d89624194d6bfeb69128ce323a23e7bfeb070a5370006e50811762
added,Agda/DASHI/Analysis/RiemannG2ProofRelevantTargetTranslationModulationExact.agda,,696955b9e369a4f7b1804fe5d03b21d73928299333472979b9e58d1f63d84ea8
added,Agda/DASHI/Analysis/RiemannG2SelectedDirectCutoffFinalOffSameObjectExact.agda,,7cabb1956a8bc3329459ff3a287ee7d42889174b4961018911a41456ff820e9c
added,Agda/DASHI/Analysis/RiemannG2SelectedDirectFiniteMomentBidiExact.agda,,8fd83b93a8d00068ad93d6a01466a16ebb2ecfe0aed93d4d448172ba19db8fdd
added,Agda/DASHI/Analysis/RiemannG2SelectedFiniteNearBudgetMinimalConsumerExact.agda,,cf62a0f9d1b598c8ef68168bf92809c6f08217cd2ef31d86dbde33d2f38611b3
added,Agda/DASHI/Analysis/RiemannG2SelectedNearBudgetFinalOffSlackCompilerExact.agda,,7c01850a8a804aef76e81aa761e6884ad2dd727e243ade0a8a91e5b73e9804c6
added,Agda/DASHI/Analysis/RiemannG2SelectedNearBudgetFinalOffSlackRegression.agda,,55dd4ee3309eb17962e071079e772c82c250a31f39c73b6989ae378de44a089c
added,Agda/DASHI/Analysis/RiemannG2SelectedTargetLocalMomentSameObjectExact.agda,,2db6dd5982854683ba00825961a13453caaa6e84e1cf46be06ade54999a60781
added,Agda/DASHI/Analysis/RiemannG2TargetModulationFinalOffCutoffCompilerExact.agda,,0d50a23b79b859d0a1cd83f3297e5be9686d9d4d6edd9355ff702c5501448065
added,Agda/DASHI/Analysis/RiemannG2TransportedChosenCutoffDirectCombinedAllowanceExact.agda,,1bd13aa114d07f0529bb7bb42217bed4e6bb074eda27127af5ff4a5be281ec83
added,Agda/DASHI/Analysis/RiemannG2TransportedChosenCutoffOffAllowanceCompilerExact.agda,,eec0b3c05bfc0b8948067741f510908c10114220550cb1ffeae70d85c89005c8
added,Agda/DASHI/Analysis/RiemannG2TransportedDirectCombinedOffAnalyticCoreExact.agda,,497914ec9f64b513a676dc02fad7225c72f08434e17db5bbcdf2f445f3f603fa
added,Agda/DASHI/Analysis/RiemannG2TransverseVsOrdinateMomentNonDescentExact.agda,,faaed02456bde32747edfbb4daf23f76c859011f1e31e20a87b4670b78ff51ce
added,Agda/DASHI/Analysis/RiemannG2UniformBudgetNormalizedHighProducerExact.agda,,1f2823d368e5d26049882bddf3c5e191b61bc0daaa7b8715f4520df233e65ce0
added,Agda/DASHI/Analysis/RiemannG2UniformIndependentComplementHighProducerExact.agda,,d363486966a2b4f24ca9d0f55e4cbe87a7e304e0990960a40ef87448d252100f
added,Agda/DASHI/Analysis/RiemannG2UniformLiteralPhaseHighProducerExact.agda,,2fccfe5c8e4145c73da6d3fa55984a7f95d7d3ad9cd7f5eb29d12addad19b91d
added,Agda/DASHI/Analysis/RiemannG2WindowBudgetDirectCombinedOffAllowanceCompilerExact.agda,,c5896db9f570b29ba0783b65523a8cc78ab9cb204a98ea97141bdd348a4160a4
added,Agda/DASHI/Analysis/RiemannG2WindowBudgetDirectCombinedOffAnalyticCoreExact.agda,,3d7233c52ab6833668ac9de5befcc2c3ada1fe87bee8bcb3a4fad527800241f7
added,Agda/DASHI/Analysis/RiemannG2WindowBudgetToTransportedNearUpperExact.agda,,3d772d2cd668a3a23dd0990bd154382a2e61e910abf3297337d55efd2159b0c7
added,Agda/DASHI/Analysis/RiemannG2WindowFreeDirectRepresentationFrontierExact.agda,,92a0e6055bc08ea5736be869312f0d1d5b55e1a848b4689703a04d02e097e7d6
added,Agda/DASHI/Analysis/RiemannG2WindowFreeFiniteNearFinalModelCompilerExact.agda,,54e41de14350b479105988709bac22d5a24a0a57f1044096510973bfe442d348
added,Agda/DASHI/Analysis/RiemannLowOrdinateSourceAtlasExact.agda,,a96d161757b54c3d9dc4a30247677efce38cdf50f981326a17a9f35b820c1744
added,Agda/DASHI/Analysis/RiemannPlattTrudgianCanonicalLowRegionExact.agda,,ea8d7687920b86d5f24baa1f3e9a55017d81150046c4799769fb53dc6db81aa0
added,Agda/DASHI/Analysis/RiemannPlattTrudgianLowCompletionAdapterExact.agda,,f1769ca2c8c6a051c39ea6a484a5e18654901696aafad8e3c9c33b63be304a82
added,Agda/DASHI/Analysis/RiemannSourceEntityQidBindingsExact.agda,,72cee327112ba2a3de2a0ffae0bbe9bc9278cd9d783c771e2c1b73ff4ef57ab2
added,Agda/DASHI/Analysis/RiemannZetaTerminalPaymentCompressionExact.agda,,5423ce8d6d0e925147deab847fd522bbdd117b225df5ac03d8a99b4d1fda4ef2
added,Agda/DASHI/Interop/AristotleConservativeTypeModuleBoundaryExact.agda,,14aa0e556322ab07ea6b532dd6c8f190fbb83f96adc97b26de45205124f1be37
added,Agda/DASHI/Interop/AristotleConstraintTableCoverageExact.agda,,e494de51c4e30a49faafb1ad02a187fbb7224684f836f9352379fec194f192fc
added,Agda/DASHI/Interop/AristotleEvidenceSurfaceIdentityBoundaryExact.agda,,d4ae12cf8535557582d6304dbf2358b2e94da9a16b563fbfbcc8b9c1c8dfee84
added,Agda/DASHI/Interop/AristotleRankQualifierPropertyEngineBoundary.agda,,f5f547a043af6baf0c032a2d463ed61559e40ab7694a1080417241466e3156bf
added,Agda/DASHI/Interop/AristotleSnakStatementPresenceBoundaryExact.agda,,d9e0bc2b279c492592c4f4d043092b2cdcf0868ff17a5d9d29dceb98b1acd84a
added,Agda/DASHI/Interop/ITIRSuiteNormalizedCompilerParityExact.agda,,ae12a2bf192bf8c602d720bae87f5a4d7bfc25da20e15cad0e7af88ffcd31bb1
added,Agda/DASHI/Interop/ITIRSuiteNormalizedCompilerStageParityWitnessExact.agda,,3d0f2b0f8c0af6bcfc4cf868e5c2933cc4627329601cbe49e185aac990f9faaa
added,Agda/DASHI/Interop/SensibLawNatDualIdentityConfirmationExact.agda,,f350d302f376dcc81e61761ec1d3191caaf90315141f1ef0eb08b334854cc097
added,Agda/DASHI/Interop/SensibLawNatPeerPressureWeldExact.agda,,9b6e748e1c0b79df795b8bf67034ca912710aac14c170e2712706b3b75ec8a84
added,Agda/DASHI/Interop/SensibLawNatSourceMediaMaterializationExact.agda,,74149a33570d9732e046ecf8104548b9ba7bebfc05e0aa3e1bc7e35272e2ac74
added,Agda/DASHI/Interop/SensibLawNatSourcePropositionVerificationExact.agda,,1fd760b62e86bce329f31879d511625814baf438c39246e1443502e5bc04bcce
added,Agda/DASHI/Interop/SensibLawNatSourceSupportAcquisitionExact.agda,,226103dd1479f4820ef5cebd5abff2a9ba797904d0a02bc3fdfd4fd4fca0d298
added,Agda/DASHI/Interop/SensibLawNatZelphPeerCohortExact.agda,,5bf2837e247be393fe98480cad9ae15219a54f72577ac273b50ac14d90fa34a1
added,Agda/DASHI/Interop/SensibLawNatZelphPipelineExact.agda,,fbb85cec014ec5acd1946fc631d0cef73c05977703d217b4a9f600e7a20ba573
added,Agda/DASHI/Interop/SensibLawWikibaseZelphItemSurfaceExact.agda,,02ea2b14661b08ee6359c07428dce5c4b7f79d29aa2f8d34551580ac8bdc20ce
added,Agda/DASHI/Interop/SensibLawWikidataBalancedTernaryAdmissibilityHyperfabricExact.agda,,1f7c72617243e2af7584c43a9792022328c17187685f34d4115b6c267cf64aa3
added,Agda/DASHI/Interop/SensibLawWikidataItemPropertyEvidenceExact.agda,,1411ae98624988883ae6216484c80e1eadee6bb2be56abe0bbe01682f77dcdd1
added,Agda/DASHI/Interop/SensibLawWikidataReferenceRoleAuthorityExact.agda,,9ce76bb6b16387381f8b0bd80c31560da678d0e7d8f53509e07c7841e4646ff9
added,Agda/DASHI/Interop/SensibLawWikidataRequiredPropertyCoverageExact.agda,,f9bc6faa35aeba77bb67333323aa1771693b4fa171d7d00adbbb60d612e7d0e9
added,Agda/DASHI/Interop/SourceAttributionShapePolicyExact.agda,,22d344f51ae0107608f63cdb02360f13d9eb750f46da7a0882cada820e1c29b9
added,Agda/DASHI/Interop/ZelphBoundedGraphCoverageExact.agda,,82679748b4a4139c3a90839a67a46bc7beac497b3381b1f7312a68fd7c66e974
added,Agda/DASHI/Interop/ZelphPrunedArtifactQueryPreservationExact.agda,,e927dbf382bb0b13be406dfdd2e5ebec8d3082ecd71d5c6ebca82aebdf87765d
added,Agda/DASHI/Wikimedia/AristotleNativeModelSourceExact.agda,,89dd845b25b6226af9ee58d39ce27cb19c977880e8c2807947056a046c521829
added,Agda/DASHI/Wikimedia/ConceptEntityAlignmentExact.agda,,baea6dc2c485b5739e4adfee8af10664eebcc665972c9d275acae434a2234394
added,Agda/DASHI/Wikimedia/IdentifierExact.agda,,283212ef959c848f167fca947959d3646752c310a568f915b5955d7da27ade9e
added,Agda/DASHI/Wikimedia/MaboConcreteQidGraphProjectionExact.agda,,b5402eb3a5091f03fd31c768653fc19bbad04dab212c653729bdc386442c90a8
added,Agda/DASHI/Wikimedia/MaboNativeWikimediaBridgeExact.agda,,8aee8d91318f7bfdae8c9250da7a2a19a1ee9d9402d707b359066cc895f4d418
added,Agda/DASHI/Wikimedia/MaboPropertyTripleProjectionExact.agda,,c66888059910e022e098c00d94f8a719558ccc33af91ffca500aef78eacc06f4
added,Agda/DASHI/Wikimedia/NativeConcreteQidGraphProjectionExact.agda,,1b54385559a6e645fa6e68f3fd6fb96c4b17501df8cc447a8d0fd79b9e76b0ed
added,Agda/DASHI/Wikimedia/NativeEpistemicProjectionExact.agda,,0ec7271142898f8f74b9a2d3eed4ca8a1de99b7c268ba5cb9aeb08cce6f90c98
added,Agda/DASHI/Wikimedia/NativePropertyTripleProjectionExact.agda,,c6a97d65fa9c0bf20dafa0946ab6b3e3cdb263bf295fe57181374afd50e39a9f
added,Agda/DASHI/Wikimedia/NativeReferenceAttributedSourceBridgeExact.agda,,653fbb4f1295546e21266f9df9783d8416aa0e0295282a41e539c1cdf127f1b9
added,Agda/DASHI/Wikimedia/NativeReferenceSemanticsExact.agda,,2ae251fb68632d2902f37d12fbef8856bf5f951db7c885db7389c6ecddcb0c65
added,Agda/DASHI/Wikimedia/NativeSnakPNFLogicalForceExact.agda,,000cde3c09aa286c6c4e0a3c3b7c81b0822ea697468d753e019592f68ca0f0f0
added,Agda/DASHI/Wikimedia/NativeStatementExact.agda,,f6e3536a1957a4bc19bb99262ef702bf41cd255de5269ce03d920f15b769b1f4
added,Agda/DASHI/Wikimedia/SLRP854ExternalReferenceInspectionABIExact.agda,,ef96d6d383965ead25bf21c6c76a874d4a45fb6cba8c7cb1339b972e6261414b
added,Agda/DASHI/Wikimedia/SLRWikimediaHandoffABIExact.agda,,e5bf89f0a6dcecaf038c3bba0094ea21a6e6d21525a1a3fc5e5f996e1adc15fc
added,Agda/DASHI/Wikimedia/ScientificCitationQidBindingsExact.agda,,9bb020ea00c6c5175d514b64a3251bf75277eb02f5e93b2b73ede4073a16be21
added,Agda/DASHI/Wikimedia/ScientificReferenceEntityAtlasExact.agda,,bca3a4f0f2609959a2fac5f4e17efabff8b4b75fcf616880597dabe0537fb804
added,Agda/DASHI/Wikimedia/SensibLawBoundaryArtifactMorphismExact.agda,,b4f32e6a7973e18314a4137e1679a0f3df0ff70b555c79283eae3194211ae1ec
added,Agda/DASHI/Wikimedia/SensibLawNatClimateReviewHandoffExact.agda,,0b5031a5bf0cdeb0572ad426026839ad442fab0d1188588bbdaa5b847f85bca6
added,Agda/DASHI/Wikimedia/SensibLawNatClimateSLRFixtureExact.agda,,29bbf09e5e3102636115d1808971dfbeba91382d31db7b41e8b1bcc452938305
added,Agda/DASHI/Wikimedia/SensibLawNatObservationClaimSLRExact.agda,,3d8f298889575c7cd3517ffbc8f52c3b487709d91ce92af72d4ac671bbe2610f
added,Agda/DASHI/Wikimedia/SensibLawSourceUnitReviewHandoffExact.agda,,3863dc81906e14b79c2429f4503d3bb133d89059da586e1dea7b43d37ad9174c
added,Agda/DASHI/Wikimedia/SensibLawStatementBundleDiagnosisProofSearchExact.agda,,aeff3d2b19f12d7d3b6fe0fcac9fddc9c457e95ed9423b2fd386ce6f83d42494
added,Agda/DASHI/Wikimedia/SensibLawStatementBundleSparseReopenExact.agda,,0ce1073a89cfbef509bd41893a239e01bc4d86073a43129388543e639cbb883b
added,Agda/DASHI/Wikimedia/SensibLawWikipediaIngestContractExact.agda,,610da0432910e2d0f51bfc5266f72c3ef5e05c4f657619f20f1ce2979ef6da08
added,Agda/DASHI/Wikimedia/SourceProvenanceExact.agda,,493d1ccc1f9350829c908b924966bdf05d666fef89f61689d286d891c5f81185
added,Agda/DASHI/Wikimedia/WikidataPNFPredicateBridgeExact.agda,,175e7b68aebc81dd48cd8a4ef2efbac701aee97f4140d9ddcd36783552565e6b
updated,Agda/DASHI/Analysis/DeBruijnNewmanRiemannG2RiemannSiegelBridgeExact.agda,6d95f317398dd8d1829b77766907b79d497e6ca5f91828350bbb50879814ad90,a42f7aaa0e51feee54d694ec1ffe58e6881c25338ed037bd15ca1ffbfaace681
updated,Agda/DASHI/Analysis/DecompositionDominancePositivity.agda,10fe794c838b013aa2b26b46abc03fd5b1649685dde3f2de88972a834b8f07d6,8d60988ab6354e6c3294d84b8ab9d5b5760fbf9f01955d0c64905d9e906325e7
updated,Agda/DASHI/Analysis/Everything.agda,047b272528dd775d5d2999c8b5778c12799a931767b2e9237f99dc615a0f0f9d,a71a26797953475bef4e83c674e0a3f56a2cf0257e556f308095b1a45c82b0f3
updated,Agda/DASHI/Analysis/HyperrealThresholdProcessBoundary.agda,c9b06b092e811e7dbba96456d1c6bf536c857e86f0c2b45d3541f1bfed1ec709,d31c3b1e7f7e9ce7d5d23b345f1f1baf721274140b006edf40b89bec3ce73e38
updated,Agda/DASHI/Analysis/MaassSpectralCertification.agda,026cbba093ca42d88e7628ee18e6e74b5bd28e7ec71903b727d6a0b88885fa24,cff755537437e66bc6587860ef93d251638a205c0a8d45c896160dc400feac10
updated,Agda/DASHI/Analysis/MeasureIntegralLimitCrossPollinationBidiExact.agda,b5a001d89b42a86607b259363448efbeda78084408667f2eba8f3ab9b157d0dd,f1c3ade15097414f46e75fa935eec8f113e32e0b66f03f97a3a882d7db5efb4c
updated,Agda/DASHI/Analysis/NonArchimedeanL2MixingN3CounterexampleExact.agda,2c2d148fcbdf003030ec37e049cb58ce495cf227c3074c8a6def8bd798fa711e,9e1d74a76336f95fdfd01e7980aa1922fdda9ccdc6a9c08854b059e98c462e3c
updated,Agda/DASHI/Analysis/NonArchimedeanStoppingMomentRepairBidiExact.agda,817843e6fefe8ccf44bd5562498e81d7e459a6996422dffad34281e79c610f03,dbb9fa32acac3ca55d1badb83b0bf7fb1ce639facfa1c15c8ef46e9575bc2e2f
updated,Agda/DASHI/Analysis/NonArchimedeanStoppingSurvivalN3CounterexampleExact.agda,8015665f60d7113028c4b133c79f036ffc05d4ad70cd7fd5b8e52af078916076,ba7c5cb8a624f81ddde5c4a306ef7d1f9ef928141ec9e3e8e44d7666e0434b34
updated,Agda/DASHI/Analysis/NormalizedFibreAveragingExact.agda,9ed97df0aaf047c5dcac59e82d67523d78d265258837441427b01c4a26fb5106,d19f1936406800a96e8dc0772a4cca4302505cfde27342c3102f49a541bfd948
updated,Agda/DASHI/Analysis/PowerSeriesDifferentiationBidiCrossPollinationExact.agda,9b7ffeeeeb1c5ff90c1c8230aabfe101f85dcbd2aef5c576a8e2a56ccba6cc73,e0ae56753c52b12bc2e2f6d7f6182dae71012f484169473582e39f892488e928
updated,Agda/DASHI/Analysis/RiemannAristotleCurrentFrontierExact.agda,18de5667d013ff793352c097c576a3c2dfa2f71089aabf467a2a3e3a49c66f2e,a5ea6d58c9e8d4931e469bffd1522980eefb5399ccf4b26bbc191b386ff697f7
updated,Agda/DASHI/Analysis/RiemannAristotleCurrentFrontierRegression.agda,e6f7c4ad27c5019cedfd902671f35474f11b2838e1608657c0823e86dfeb6047,bd0d4d74d46733bef6fd57df739665d6df91c15550046f309320096de3704e5f
updated,Agda/DASHI/Analysis/RiemannAristotleExperimentalProofSearchExact.agda,0a8bd93eb63cf361b1e22ca758017d751108578b847593dd132dd8b55fbbfe32,536180496c5758f4f14a42512c4fee3c10e2117e1b1d703aef54f58b9fd4a510
updated,Agda/DASHI/Analysis/RiemannAristotleG2CurrentCutExact.agda,8fa8e629003181f5afba5bc661fb0e9ddc36193fd1f0452b1a3a35ac9c04912b,3aca90f1726b3baabc0ca8fd17a575d2fd2a265ba52708755ac55d2e29521944
updated,Agda/DASHI/Analysis/RiemannAristotleG2CurrentCutRegression.agda,fbd84811db98e38d79ef24527161997b780a9e07d12a420c2bfa9a2d330959d9,1d9f9607d58503fcee6055f65dedd5783b0b7f943fa173658c43ade3f41c16b0
updated,Agda/DASHI/Analysis/RiemannAristotlePoleNearBidiMeetingExact.agda,d9c9bd2126de144d73ac10ad2fd87095f08d1492a6661e7455a2c6c51b55a246,c687cea493c2c6a063ec2275f2602cdc3163a6fe886ba6f8bf50fdb7be186934
updated,Agda/DASHI/Analysis/RiemannAristotlePoleNearPhaseStatisticExact.agda,7a8209bddcc50e00b3ced2d83bc7b914236af160952f29f865d01e3c57de7a50,0e4e84d41be88b3e87b22207d89fabbbb0b1c0316e9819890d655a3db8aa5e59
updated,Agda/DASHI/Analysis/RiemannAristotlePoleQuotientFiniteNearEvaluationBidiExact.agda,71f1ff52706f32f599c7c701e34a031629ad8dd0d060dd6ac347ec41449a535c,bf45036baf7746624e0b88860d1724492ed061b0066fb706e957347a325e57f6
updated,Agda/DASHI/Analysis/RiemannAristotlePoleQuotientFiniteNearRouteAuditExact.agda,29de7679158025c26d1d8d9f9b3347e1769e9ddd3f7b065d0457739951b61608,57ba0405cd3a81572c9dcc01e48eb543a49ab7b4cab11a0119947af1795f8f06
updated,Agda/DASHI/Analysis/RiemannAristotleRHAnalyticRouteSchedulerExact.agda,677961b598920577e608ae880bbb57540c934dfd172ecd155c79eeac9cfa6ea7,bb26e2a29b81ef24513ff71320a64b62b98ce30ee2225bd801356652b4ace287
updated,Agda/DASHI/Analysis/RiemannAristotleTwoZeroThreeTaperReturnExact.agda,92f2d0fb2bb55ed01f7c8dbe816d2a896de019dbf18dd128aecb01aee47f4eea,57eaca3d2e0301f6f336a54af311d920e4e3dce9e6f30a60f7c09d1949a82aa1
updated,Agda/DASHI/Analysis/RiemannAristotleUniversalEvenConeBidiExact.agda,360f73b63d20f20f80fd52f34aca12250e6c40fc74a7c61c47e7c5816c2c4feb,dabebefc3dc27c7042573a63d82f83b8355b2f356f7d827815022417a8775517
updated,Agda/DASHI/Analysis/RiemannAristotleWindowSchurCrossProverSyncExact.agda,6561fffca220edf012dcc90a26095ecf4c7b3cb00b3cf997d19ab85d00710319,6afcab3ad1d4436f6fe9f07aa50498118b511ad41bda3452ba4bf8a4815a9959
updated,Agda/DASHI/Analysis/RiemannG21ConjugateHeightSourceBridgeExact.agda,abdb7918d91763c2a82b4bb900b0f83ae1f25679ee5575aacb4cb8dfa57e2576,772416eb2df45aff327d84ccc9c584e7bbd1b781d9e63e8872582d2d6d650fa7
updated,Agda/DASHI/Analysis/RiemannG21ContextualAlternativeNonpromotionExact.agda,adee68e5446ed3b5887a238bbb03893adb0c7639aeb290e98c340b745fdbaf6d,6b6853279d501404f39c1f2783fa01e3e3f0a9e8cb6ae350363b20debd5104a1
updated,Agda/DASHI/Analysis/RiemannG21OddTaylorOrderBudgetExact.agda,c1b31c524931020de1296d787021037ea4c4c4d435f77a5c71ce90bff652ffd6,f3aec374b31ffed00a50cbd27cb8569c1938902e39ee8964a3a03baa78328f9c
updated,Agda/DASHI/Analysis/RiemannG21OddTaylorQuantitativeFrontierExact.agda,5762feb8762c9f358732b9ef8ff0aff26cfb62d700a07a19cbd16f0e13cd6584,915645841fd1b943b9a8591f814df64f5e424d9f1f3a383c4b14ad2a66827214
updated,Agda/DASHI/Analysis/RiemannG21OffLinePoleQuotientTransversalityExact.agda,eee6ea6cab29dee04e580ff910926ab3e11501556d7de9242bb2d24dbed912ae,d867e7cb78712bce660116692673c01f0b3ffd289eba492182eec28437c2f67c
updated,Agda/DASHI/Analysis/RiemannG21PrimePairKernelExact.agda,1183df69911ec5ecc0ef2d914f8c92a11c9878b7e82d1caf020657d71dec46f5,2ee120397d3efa740b3e7f7a1142943db473ef13086afb5a864fab00e200496d
updated,Agda/DASHI/Analysis/RiemannG22ReflectionHermitianDeskTestExact.agda,76d25d2446d03b22543e99857899f687d834e0f5203c6b7c4fc40c8710068b9d,84a41209b90fae64bd3981cfab27c8f411f65d28e9b0340d7c73e7e577f1261f
updated,Agda/DASHI/Analysis/RiemannG2AdaptiveJLambdaConstantWindowExact.agda,4a01bfd8eec487b444be43ab5e60db49843a16630229867385ff90a989ca0fc6,eefe2f07434d8456a8698631434ec1d77269566a7b6db13fb999f6eee621cff9
updated,Agda/DASHI/Analysis/RiemannG2BidiCutReconciliationExact.agda,d31fd1b3684ad3c9969e0f8ad7973f9f2cd00df60c69e4ace7d3fb14dde838f7,95c3267a4d11fcb5f3178f18d7989aa99fd4b6a1de2296eae510a0ba51266410
updated,Agda/DASHI/Analysis/RiemannG2C3ToScalarRouteCutExact.agda,86d20a6dd1a609dbb13e6ea5381c608b4f5be17eb28c9fd9a9e3a6a4e51edb87,d548ad73df28a6b62b75e92c5c90e9411658c0b4017edc81442429dc9760c50b
updated,Agda/DASHI/Analysis/RiemannG2CanonicalCharacterHighestAlphaReconciliationExact.agda,10b5b092b6e17bca80525d584cda09f739c82399c0e612ca2efad9609c389dd9,f351ada3d47b43e4ca86f55ecf6475eac305a27496d350cde127fc7309990a5a
updated,Agda/DASHI/Analysis/RiemannG2CanonicalHAToHMFactorizationExact.agda,51b21a669ab63f21c70ababb64ebe311e8cc3592b15633a5cd2c470c408b9798,1b140a1b3060d43137b84b6f1019836348c0e06bb10cf91688daf7bdff26e4a8
updated,Agda/DASHI/Analysis/RiemannG2CanonicalHXHMToPoleNearHTAdapterExact.agda,3820ea565d44911e4280a2187f1bacc27fb7a53340a6c92f04b75f9dc0bad125,e7397bec3369820546ccfff96c9cd3eaca1b4d70a9fa25155c1c5ee987bf5528
updated,Agda/DASHI/Analysis/RiemannG2CanonicalHXToHTCompilerExact.agda,9e4eaa4e0868091845818d3b5a24b0e88fe8d25ce5a491ceb1b10f232a4d8eaf,6c535c21381910c07285454d99f88476f3d5265a81e2d3646e4eb2c7a882620c
updated,Agda/DASHI/Analysis/RiemannG2CanonicalTestModulationHighestAlphaExact.agda,4b03603d4cccacf3bd8e84042d4a23e5e97fabcc22548f97614a2f7a39cbf310,4ae502d15b6e7fd86bfac3a9ee9ffbf358e8bbc77076e04283669b931b2100f4
updated,Agda/DASHI/Analysis/RiemannG2CanonicalTestModulationProducerInventoryExact.agda,81cee605e35dbce63acd208cd40426728c1f6c732293e3dc082f4da3b0e68c82,9c70e0f22e72266b1c9c3b10a737371b5ceb53a8d5741c1b828c59ceb19e2d9a
updated,Agda/DASHI/Analysis/RiemannG2CanonicalTestModulationProofRelevantExact.agda,51cf2e18727b4142b31af4981f287ad44fa57880343198602d3cc042b0670a4e,fff93c475c7357befd0e151006bbb10d3c018b0e3e722d10203700b91ee681b3
updated,Agda/DASHI/Analysis/RiemannG2ConstructedComplexAnalyticCarrierAdapterExact.agda,379f565daa4486e535afa5dfdbfabf7dd176f6ba9ac44dccb1ab826d1f58d083,b13860862120ae0275a39c27bebc738f869e2e5d2494c6a9967c656adc32b9f3
updated,Agda/DASHI/Analysis/RiemannG2CutoffComplementCoordinateSeparationExact.agda,cb6de90f55bb587400fcef9315b44bb01d5d55b3dfd00fee0e142022cc26ad94,39ff9269e061c338fe2db2871dc160116e79eef635e1201f15e60cee6c8ceb6a
updated,Agda/DASHI/Analysis/RiemannG2CutoffGrowthBidiExact.agda,000aa0089e6717ea4f7453ccd2c170d430b19d2a43b80692330902f2f98dba27,6298e1f470333c566d8506e70ebe9ee1ab98e557315441fe2676f32a91454ac6
updated,Agda/DASHI/Analysis/RiemannG2ExistingScalarDonorInventoryExact.agda,8e40823f764c6f6e4496eb1c66b0117fcc2500ba7fa05838c49feabb19734796,de031f306294693c507bc253853ae1832859b92fb5531f8e564e1c51cd23044b
updated,Agda/DASHI/Analysis/RiemannG2ExplicitCutoffTargetWindowFrontierExact.agda,f79c88b27215478537a7150b4f80ecdfc08b33e0cb090a3b224528765e1e7669,39714b35f114102b82124f8a30f10886d41d10b480810d55d9d8fe8d481c11d4
updated,Agda/DASHI/Analysis/RiemannG2FinalSplitComplementSameObjectAssemblyExact.agda,a28b8a638d75c6078b74fa3057766824abb7bf23cda375d95c65c32e13997795,ec4e2857bfce299f7f2c623af84d845b2ef416039afa15180a42c797b15aeac4
updated,Agda/DASHI/Analysis/RiemannG2FkOrbitConsumerAttachmentExact.agda,5a8c4f547111d8534685ec3c71b0f9de3336bae9906bf9736dae4e8810f861a0,03243d3e376680b1732b3ab70987a6375de6daff429c5b3f64be8ab3eb8432f1
updated,Agda/DASHI/Analysis/RiemannG2FkOrbitExplicitFormulaWeldExact.agda,c63f51f28f0114eda4788e13d22b0da7eec640e373abbe0f9b88bbca3c4c940e,b9fe6f82464f26a0af967a34858c9395ba93c6d0b255f4190ac0f66f82b39dc0
updated,Agda/DASHI/Analysis/RiemannG2FkSelectedTestSameObjectBidiExact.agda,1acd7acbdfe05d2f63d3e01277127b0fe322516291072fafdae4fabdb9ebebca,9117d50cbe4b4a0973d29d277cfa07732fa4a0398fd81f83324f60789cd8578d
updated,Agda/DASHI/Analysis/RiemannG2GammaCandidateSourceLineageRecoveryExact.agda,c83e38ea9844d44ca140038cbab4318eae9385c97bde7544421b375c63a0e9b8,cb0263a45b34f0bf1f4f0a83796bdebfb81332fc0585b703784424dbedd45bb6
updated,Agda/DASHI/Analysis/RiemannG2GammaLineageHighestAlphaReconciliationExact.agda,c717f49baf2cf33dcce67421fb9ba7eca94730c5558e6ce1d6f4131b33cc35b3,82080f4763037283edaaadae8a5d9ae52bf38284ca0ffb59a7ce6600b2969c4e
updated,Agda/DASHI/Analysis/RiemannG2GammaMellinImplementationRecoveryExact.agda,00a56f98299933658b00a325470c5c361e9574a19ddff7c12f94cae64f78cc96,e819062baf601ac002aa3f69e83336ed4e5ed48a0995564b1b6ff0ae8e107b95
updated,Agda/DASHI/Analysis/RiemannG2GammaPrecisionLossLocalizationExact.agda,df668440b935629df2ba927806bf471b746d962b0cd0626435032c6871f28a33,dd754c140582d7899e04bf282118308f5c061801ba60f68d91f741a88d91d1aa
updated,Agda/DASHI/Analysis/RiemannG2GammaProducerSourceAcquisitionExact.agda,b5657fa57e1ea803f78fbc872d6d909c41d69fadf37bc85838b5afdd552e2acc,aab4b9263221a071809cc31647f567fc51e5c27c0b6ceb9bf1da52e3ff88f723
updated,Agda/DASHI/Analysis/RiemannG2GapSplitClusteringLeanReturn8894Exact.agda,e08373044b73835ebb474827945efeeefd7a27761cc5188d18f18565841845ca,d1d334bd396c268d46ef4a83480333cf3b13ecee7ce74eee08b61297a1d1835f
updated,Agda/DASHI/Analysis/RiemannG2HAConsumerFanoutPriorityExact.agda,b57fb4af6b7d6d50bc69d74522ee39427d0734f4246c53b5b9b2b2131fe3ed72,2fc659adbb955c83617fb25324665203a9c883eaa7f85ceaedd66d5cd7eddc31
updated,Agda/DASHI/Analysis/RiemannG2HAConsumerQuotientActiveSearchExact.agda,1a46527625ac6566c10ffdbfd9ca2a1f1ba7f4c62aa396972e5ac2859cf7800e,ff8ea07eff17c26657bf6a947b542a270091c928b2f947dab6738b553e5006ff
updated,Agda/DASHI/Analysis/RiemannG2HASingleProducerLegacyHACompilerExact.agda,0dbda2c56c23f8363c078adf27a235fe141779d457e906e9dd987a4cc3f0412f,c8fdaa12f09a872ecf8be1237982944115dd6b8c9a3d756b2165d09f8706c57b
updated,Agda/DASHI/Analysis/RiemannG2HASingleSourceProducerBidiExact.agda,f8cd50860b70909d0578520c1fefe56bbd0396c9e255e734514f166b17d848cb,c1f9c06524e1e93c3f991c06995d7ae79c41d86c1b42016e1acf74ebfc9bc637
updated,Agda/DASHI/Analysis/RiemannG2HASourceProducerHyperedgeExact.agda,a24801851db1d075b68d5b0b1951662e45d6dafd28f0682f69f5fcac197b435b,6f4c57b86a2bafb188338fd56120a4f77a31efca3474428e87c5261043a4e236
updated,Agda/DASHI/Analysis/RiemannG2LiteralC3CovarianceSourceGateExact.agda,7b750315e2f87fe985fd2925579d5c8a0337f5b7dbe7eaad020923abe5ded29b,ec1be6736609ab8e8fb21de3a41bd24eb8011253b26f98a0c22a9058bc5fd482
updated,Agda/DASHI/Analysis/RiemannG2LiteralSpectralZeroWeldExact.agda,aa239c5a432041dad28982081e1bc2e9ca3148c18d0ccbf5a75098e936a33394,5ebd8b3c67c9b0e671f87e773affa2c2c31e36b22ef4d406dc9957bad217a620
updated,Agda/DASHI/Analysis/RiemannG2MellinTestActionTransportExact.agda,792a88c3dd2aafeedf370122d2fe3e680ee2c3fea51d7e517f72e7a3bc2d890e,439b3bd8fe9cc1b4209b66c94dad7eecdf2b29f745eb19c2e53db5a1c290da34
updated,Agda/DASHI/Analysis/RiemannG2NarrowWindowNoCancellationReturnExact.agda,1a0a13aba7f45c7337225a0ed8a383ef4ad52d5aae3eac623ac59a4a35713744,7d4fd8d15e6f058839a3f3dceed518bff104993e84c06f4ea3555480b4b4e9ff
updated,Agda/DASHI/Analysis/RiemannG2PoleNearTargetWindowSpectralIdentificationCompilerExact.agda,799454248247fe81900d230d46d0dd65a3fec6e2e664d8b6f5fbf528bce4a0db,3e636ddea1aec84aaa83559c478a098d4d3f8565dea190f598106df789bd6287
updated,Agda/DASHI/Analysis/RiemannG2PoleQuotientProducerReconciliation8889Exact.agda,2705fd3fd2ee10170381761c576c19d87eac7333b783ccc90073603d4c4d372e,de1511fae423ffebb855eca5019af8587fd34c329bc81da74df899f1e2c2b03c
updated,Agda/DASHI/Analysis/RiemannG2PostScalarBalanceBreakingBidiExact.agda,6cad136f66a89a373fd080d88f8919384af2215df4998294afb31d8e672f08a7,ef79d7f3001970bcbcc9b2623bed537a33405a67d1589b2f146cd10927cdbbcf
updated,Agda/DASHI/Analysis/RiemannG2QuarterPeriodPoleQuotientFinalCompilerExact.agda,73bf51ea5f50dca7e099c53c9da095af690d0e5385a828f352df645aa4f5ee05,9dbbd09527f6858fd967cf835fbde6a4e380073e72044257af722a4f72f4dc55
updated,Agda/DASHI/Analysis/RiemannG2QuarterPeriodScalingPropagationExact.agda,2cedf0ff9999a23e4890a6bec7c01fd1b0212fd6d2deb3d1e4ef63889453430f,32f6b22ebf214116b1f0bf78395cfb5487409c6a0960683eec1df1621b744f31
updated,Agda/DASHI/Analysis/RiemannG2ScalarDonorRegimeReconciliationExact.agda,f8251b92f8fd21a503e20f62b0cfaf78ada708a8c13ac063e8e3547df5b75dba,88be80d17cf1fa5a8c274d33ecff00f4a4db1ecb2d5467444aee6fd957cd3c15
updated,Agda/DASHI/Analysis/RiemannG2SelectedPoleNearFiniteEvaluationSameObjectExact.agda,945af03d5d44b393dc609f63b5928f21834830cdfaa048f5813a7cc94d5a8aaf,dd240dbc98cd3e95f641795cb08a728304222ecb8d7a59890c4e96dfa560a69f
updated,Agda/DASHI/Analysis/RiemannG2SelectedPoleNearSingleProducerBidiExact.agda,84996349ecb2553f77fab3a18ca6d4037713291a05466ceb2254c33abb41f2a7,0534fe7a8eafbd8328fe9de26dc60b8b2c487cd016e68001e70328660440b60e
updated,Agda/DASHI/Analysis/RiemannG2SourceNativePhiHatModulationAdapterExact.agda,5d65b4d091dcab4680e2872f9810059aaafb8dca9d13f7e65bf0d105142304e4,10eeaaea86a346c80823a7311f87db1848a9a73b339a1e6f5118946c76b3b73e
updated,Agda/DASHI/Analysis/RiemannG2TargetCenteredScalarCancellationAssemblyExact.agda,8b77107004394eec085a999cf6c0ab598bedd1e6bd649f39e7aa9e100efdb616,bd552f160095890108caa9c6cee1883b162d8f3db18e62f715db627c37a20c23
updated,Agda/DASHI/Analysis/RiemannG2TargetModulationToHWCompilerExact.agda,f306e34869715a8d9389d7de3a25356dc7287c996c3a77906c86b0c09033d841,f0fc965079b91d51b6e46b3c17b2b8be6b763c1fc0a4888605eec3003acc8999
updated,Agda/DASHI/Analysis/RiemannG2ZeroSideHMBypassBidiExact.agda,091bd61b4260a26283a185af4930f6543a8ad1361a37811fddf0f8e47f3c1fe7,dd9f93a59ed6e6cf9905537882aefa1f75f7beb6fcfef748bacf69794c445557
updated,Agda/DASHI/Analysis/RiemannG2Zeta23FkActionRecoveryExact.agda,691f06b88e3569b22be048eda84ef0ae7f49d5f1b6694d09b0b54d2c39d921fb,a97a3e899283039a257578d4a8db00494b84331fbabf9158a2d388f46353bae0
updated,Agda/DASHI/Analysis/RiemannG2Zeta23FkCheckedSourceReturnExact.agda,e599a85dd86e270c0e8495a72db7daba4a684e2462e38c025aabeabd2d0a1077,c32f78a4575d366bd099712abd402ee9910b7b5f9dc417dc69850fb5188daa9d
updated,Agda/DASHI/Analysis/RiemannReflectionC3OrbitShapeBridgeExact.agda,1730f7495e5cefbacd0fe47287da57198cc09fa18aff595f5884cc8c63d42c79,777f6c19292954e2db030b9537d7fd7e2e46af4ced58cb902027d0ae107e88f5
updated,Agda/DASHI/Analysis/RiemannReflectionOrbitDefectExact.agda,f59bb2bdb8693e507bc00bae4cadf7a4f6bb977ea205c65de7385e8ab67584b7,f2284168259260156b514922d0d0c061d842f5bc4d4d601190c5894382d5aa14
updated,Agda/DASHI/Analysis/RiemannWeilOffLineHyperbolicBlockExact.agda,9bb526f2517d608cdb2b5eb44cd7583929629e094de71dbfb5e77b3ae198d189,ab312f51563e878322e5e28f5c3d00624c8117b3522c7d3598911dbdfc47b28c
updated,Agda/DASHI/Analysis/SetoidDerivativeLimitInterchangeBidiExact.agda,78204efc28202157c7af8ff7c65368af8c7053fedaf8b0e3c418d6c9706d7848,d5dbb4ea00ecc2f24e4fba2f64f681e44ec1d75739495c050979c93ec57f2282
updated,Agda/DASHI/Analysis/SharedFiniteSpectralCertificationExact.agda,ef659826ef8ed6cbdca4f68ac33e6bda6417ad22ba2b8bc8cd9f2b4254ec27a8,c87f4b07cd0df3beaafe89d17c3412c52c78a93817b12a3112e829cb39c07006
updated,Agda/DASHI/Analysis/StrictKernelMomentRatioExact.agda,0fbfb3828305eadd988f88e8d4f48161bd7b906aa20d2826c8825e30844b11a7,dcd103b5170d8dac06cf03a0b25c9847832796c56d0b9dc3ef548c4f3d41b7f5
updated,Agda/DASHI/Core/Prelude.agda,75159dd9c551edb18332199ca948d7a8abc03ccc2dfb7b9b285dd010531cbb7f,ac5185a542ad2b15796c7373266a1792c9bfe6940bfb74b2940945ba78916536
updated,Agda/DASHI/Interop/AristotleMathSourceParityExact.agda,cf23d34c968b9cc7842cf68460d4b3be92896f79384196692f72c1054d691a01,16774c16752f308ddebe968dcd56e06dd9cb8bfea66cd1c3edfa438fa1984238
updated,Agda/DASHI/Interop/KagentiRabbitMQRuntimeAdapterExact.agda,17a20c6018c35a1e3063ff9e8ab2515919adddb3b8629349b253e77b0ba8a315,4dcf2472fedace10f5ac17c09ed48e0c216967c4d8019c4a58358ef8bd0b1a1f
updated,Agda/DASHI/Interop/SensibLawOntologyTopology.agda,cdfa667825e3bd9582a0f73b6b1ce6b3498f36389af217c78dab2b6a03dacde2,581d43a753c030ea209e034db65b8afa1666d8d362a0652cdbbdf955a7195892
updated,Agda/DASHI/Interop/VerifiedFractranCrankPipeline.agda,9658cfad84c9acc67b670ad356652d6285fd73c8cd4746cb9c77243ffc45c644,fda76be147c6f469c3b288d541ce2a3e15d5ba98ce07ec541eca192fa6e75ab1
