declaration,lanes,lane_list
sym,14,(root);Algebra;Analysis;Arithmetic;BrainDNA;Bridges;Codec;Cognition;Core;Cubical;Foundations;Geometry;Physics;Reasoning
pow,13,(root);Analysis;Arithmetic;Biology;Cognition;Core;Crypto;DNA;Foundations;Interop;Physics;Topology;bishop
listCount,13,Biology;Core;Crypto;Culture;Foundations;Governance;Interop;Moonshine;Ontology;Physics;Promotion;Reasoning;Social
iterate,13,(root);Algebra;Analysis;Arithmetic;Cognition;Combinatorics;Core;Foundations;Geometry;Interop;Moonshine;Physics;Programmes
cong,13,(root);Algebra;Analysis;Codec;Cognition;Core;Cubical;Foundations;Geometry;Governance;Moonshine;Physics;Promotion
one,12,Analysis;Biology;Cognition;Core;Culture;Environment;Foundations;Geometry;Interop;Physics;Promotion;Visualisation
two,11,Analysis;Biology;Combinatorics;Core;Culture;Environment;Foundations;Geometry;Interop;Moonshine;Physics
step,11,(root);Analysis;Biology;Codec;Cognition;Combinatorics;Computation;ComputerScience;Core;Culture;Governance
square,11,Analysis;Arithmetic;Biology;Cognition;Foundations;Geometry;Interop;Mathematics;Moonshine;Physics;Visualisation
append,10,Biology;Codec;Cognition;Core;Foundations;Mathematics;Moonshine;Philosophy;Physics;Programmes
trans,9,Algebra;Analysis;BrainDNA;Codec;Cognition;Core;Foundations;Geometry;Physics
three,9,Analysis;Codec;Combinatorics;Culture;Environment;Foundations;Interop;Moonshine;Physics
canonicalCrossPollinationBoundary,9,Analysis;Biology;Codec;Cognition;Core;Culture;Interop;Law;Physics
trueNotFalse,8,Biology;Cognition;Core;Foundations;Moonshine;Ontology;Physics;Quantum
observe,8,Biology;Core;Crypto;Environment;Governance;Law;Physics;Reasoning
map,8,Analysis;Codec;Combinatorics;Core;Cubical;Foundations;Physics;Regulation
listLength,8,Analysis;Chemistry;Foundations;Mathematics;Moonshine;Physics;Promotion;Reasoning
length,8,(root);Biology;Codec;Core;Crypto;Cubical;DNA;Physics
half,8,Analysis;Biology;ComputerScience;Core;Foundations;Mathematics;Physics;Visualisation
sumNat,7,Cognition;ComputerScience;Crypto;Foundations;Geometry;Mathematics;Physics
pow2,7,Analysis;Cognition;Core;Crypto;Foundations;Mathematics;Physics
not,7,Biology;Codec;Cognition;Core;Cubical;DNA;Physics
encode,7,Algebra;Biology;Codec;Core;Crypto;Cubical;Foundations
dot,7,Biology;Cognition;Foundations;Interop;Mathematics;Physics;Reasoning
decode,7,Algebra;Biology;Codec;Core;Crypto;Cubical;Foundations
act,7,Algebra;Biology;Core;Geometry;Physics;Reasoning;Topology
State,7,(root);Core;Crypto;Foundations;Geometry;Interop;Physics
Injective,7,(root);Algebra;Biology;Core;Foundations;Physics;Sheaf
sourceCountRegression,6,Biology;Culture;Foundations;Physics;Reasoning;Visualisation
rightIdentity,6,Algebra;Biology;Core;Geometry;Governance;Physics
residual,6,Biology;Codec;Geometry;Mathematics;Physics;Visualization
promote,6,Algebra;Core;Culture;Empirical;Foundations;Interop
pow3,6,Analysis;Biology;Cognition;Foundations;Interop;Physics
notBool,6,(root);Foundations;Interop;Mathematics;Moonshine;Statistics
minusOne,6,Algebra;Analysis;Foundations;Geology;Moonshine;Physics
falseNotTrue,6,Biology;Cognition;Core;Governance;Ontology;Physics
cube,6,Analysis;Arithmetic;Cognition;Geometry;Moonshine;Physics
complement,6,Biology;Codec;DNA;Foundations;Physics;Reasoning
boolToNat,6,Biology;DNA;Governance;Mathematics;Physics;Statistics
boolAnd,6,(root);Algebra;Biology;Cognition;Ontology;Physics
add,6,Arithmetic;Biology;Combinatorics;Cubical;Moonshine;Physics
activeBidiBoundary,6,Biology;Chemistry;Core;Governance;Physics;Reasoning
Not,6,Algebra;Analysis;Crypto;Foundations;Moonshine;Physics
xor,5,Biology;Computation;Crypto;Mathematics;Physics
translate,5,Algebra;Analysis;Biology;Moonshine;Physics
totalCost,5,Biology;Environment;MDL;Physics;Trading
swap,5,(root);Biology;Cubical;Music;Reasoning
source,5,Crypto;Empirical;Governance;Physics;Reasoning
reconstruct,5,Codec;DNA;Geometry;Moonshine;Physics
q,5,Algebra;Analysis;Crypto;Foundations;Physics
project,5,Algebra;Cognition;Core;Geometry;Physics
producerFor,5,Biology;Cognition;Core;Law;Physics
positive,5,Core;Culture;Education;Law;Physics
natEq,5,Arithmetic;Computation;Foundations;Physics;Reasoning
natDistance,5,Biology;Cognition;ComputerScience;Crypto;Physics
mapList,5,Biology;ComputerScience;Foundations;Mathematics;Physics
leftIdentity,5,Algebra;Core;Geometry;Governance;Physics
isZero,5,Crypto;Cubical;Moonshine;Physics;Reasoning
inverse,5,Core;Foundations;Geometry;Moonshine;Topology
initialState,5,Biology;Codec;Computation;ComputerScience;Physics
id,5,(root);Algebra;Cubical;Geometry;Physics
historyBoundary,5,Biology;Chemistry;Core;Governance;Physics
four,5,Analysis;Culture;Foundations;Interop;Physics
flipOrientation,5,Biology;Cognition;Combinatorics;Moonshine;Physics
flip,5,Cognition;Computation;Core;Cubical;Reasoning
embed,5,Arithmetic;Cubical;Foundations;Moonshine;Physics
compose,5,Analysis;Geometry;Moonshine;Physics;Topology
classify,5,(root);Cognition;Empirical;Physics;Topology
choose,5,(root);Arithmetic;Biology;DNA;Moonshine
andBool,5,Biology;Mathematics;Physics;Reasoning;Statistics
_and_,5,Core;Cubical;Interop;Moonshine;Physics
Cell,5,Analysis;Biology;Cognition;Law;Physics
zeroTriple,4,Biology;Codec;Mathematics;Physics
zero,4,Analysis;Crypto;Cubical;Physics
weight,4,Analysis;Arithmetic;Codec;Promotion
transport,4,Analysis;Biology;Cubical;Physics
ten,4,Biology;Foundations;Interop;Physics
sum,4,(root);Core;Crypto;Physics
subst,4,Analysis;Cubical;Foundations;Physics
status,4,Analysis;Biology;ComputerScience;Culture
stateOf,4,Brain;DNA;Moonshine;Reasoning
split,4,Core;Cubical;Foundations;Physics
sourceCount,4,Biology;Core;Foundations;Physics
sourceBoundary,4,Analysis;Governance;Physics;Reasoning
six,4,Culture;Foundations;Interop;Physics
shift,4,Algebra;Cubical;Foundations;bishop
seven,4,Culture;Foundations;Interop;Physics
run,4,Analysis;Combinatorics;Core;Learning
rotatePhase,4,Biology;Cognition;Physics;Topology
rotate,4,Biology;Combinatorics;Physics;Reasoning
roleOf,4,(root);Cognition;Law;Physics
reflect,4,Analysis;Biology;Cubical;Physics
provenance,4,(root);Core;Crypto;Culture
projection,4,Biology;Cognition;Foundations;Promotion
profile,4,Arithmetic;Cognition;Crypto;Ontology
producerForResidual,4,Biology;Cognition;Law;Wikimedia
powNat,4,Biology;Core;Moonshine;Physics
pathLength,4,Crypto;Culture;Foundations;Physics
normSquared,4,Algebra;Mathematics;Physics;Promotion
norm,4,Biology;Moonshine;Physics;bishop
nine,4,Culture;Foundations;Interop;Physics
negateTrit,4,Biology;Cognition;Foundations;Moonshine
maxNat,4,ComputerScience;Core;Physics;Statistics
max,4,(root);Combinatorics;Cubical;bishop
legalAuthorityRouteRejected,4,Biology;Core;Culture;Interop
inverseRight,4,Core;Geometry;Physics;Topology
inverseLeft,4,Core;Geometry;Physics;Topology
identity,4,Biology;Foundations;Geometry;Physics
halfNonnegative,4,Analysis;Cognition;Foundations;Physics
five,4,Culture;Foundations;Interop;Physics
existingNDimBoundary,4,Biology;Core;Foundations;Moonshine
eight,4,Culture;Foundations;Interop;Physics
edgeCount,4,Cognition;Core;Foundations;Physics
double,4,Analysis;ComputerScience;Cubical;Physics
distance,4,Analysis;Biology;Geometry;Physics
delta,4,Biology;Mathematics;Moonshine;Physics
decodeEncode,4,Crypto;Cubical;DNA;Foundations
composeAssociative,4,Combinatorics;Moonshine;Physics;Topology
canonicalAuthorityBoundary,4,Analysis;Cognition;Core;Reasoning
and,4,Biology;Cognition;Crypto;Physics
Underlying,4,Algebra;Analysis;Physics;Promotion
S,4,Biology;Cubical;Metric;Physics
Residual,4,Cognition;Interop;Physics;Promotion
Rel,4,Combinatorics;Core;Cubical;Foundations
Predicate,4,Analysis;Core;Foundations;Reasoning
zeroVector,3,Analysis;Mathematics;Physics
zeroV,3,Cognition;Foundations;Physics
zeroNotOne,3,(root);Moonshine;Physics
weightSum,3,Crypto;Moonshine;Physics
viabilityBoundary,3,Biology;Physics;Programmes
unitWeight,3,Core;Mathematics;Physics
tritEqual,3,Biology;Foundations;Moonshine
transportResidual,3,Foundations;Governance;Physics
transition,3,Biology;Cognition;Philosophy
transEq,3,BrainDNA;Geometry;Physics
trace,3,Crypto;Moonshine;Physics
toySystem,3,Architecture;Core;Governance
toyResidual,3,Core;Physics;Reasoning
toyObserve,3,Cognition;Core;Reasoning
threeQuarters,3,Foundations;Physics;Visualisation
system,3,Biology;Core;Governance
symmetry,3,Mathematics;Moonshine;Physics
symEq,3,BrainDNA;Geometry;Physics
swapPairInvolutive,3,Algebra;Analysis;Foundations
swapPair,3,Algebra;Analysis;Foundations
support,3,Codec;Compression;Foundations
sumList,3,Foundations;Mathematics;Physics
sumBy,3,Biology;Core;Physics
sum3,3,Biology;Moonshine;Physics
sum15,3,Arithmetic;Hecke;Statistics
stateAt,3,ComputerScience;Physics;Reasoning
snd,3,(root);Combinatorics;Core
siteCount,3,Biology;Foundations;Physics
signature,3,Biology;Cognition;Physics
severity,3,(root);Applied;Foundations
sequentialBoundary,3,Core;GameTheory;Governance
scaleVector,3,Analysis;Mathematics;Physics
salienceBoundary,3,Biology;Core;Governance
rightState,3,Biology;Core;Ontology
revisionBoundary,3,Biology;Core;Governance
reverseRoute,3,Analysis;Law;Topology
requiredProducer,3,Core;Economics;Law
repairBoundary,3,Governance;Ontology;Physics
refine,3,Algebra;Analysis;Foundations
recoveryBoundary,3,Core;Environment;Governance
proofSearchBoundary,3,Core;Governance;Physics
project9to6,3,Biology;Cognition;Core
project6to3,3,Biology;Cognition;Core
problemBoundary,3,Biology;Governance;Planning
prependAll,3,Cognition;Mathematics;Physics
policy,3,Biology;Geometry;Reasoning
plusOne,3,Algebra;Geology;Physics
phase,3,Analysis;Core;Moonshine
pathCost,3,Cognition;Crypto;Physics
origin,3,Foundations;Moonshine;Physics
orderedEndpointsDiffer,3,Biology;Cognition;Core
onePositive,3,Foundations;Geometry;Physics
oneMinus,3,Foundations;Mathematics;Physics
nodeCount,3,Core;Foundations;Moonshine
nextProducer,3,Cognition;Core;Law
negativeNotPositive,3,Biology;Foundations;Physics
negate,3,Algebra;Codec;Moonshine
neg,3,Cubical;Foundations;Physics
natScale,3,Analysis;Foundations;Physics
natEqual,3,Biology;Moonshine;Physics
natAsRational,3,Foundations;Mathematics;Physics
n1,3,Biology;Cubical;Physics
multiply,3,Biology;Moonshine;Physics
mkRow,3,Biology;Promotion;Reasoning
missing,3,Core;Culture;Education
minNat,3,Arithmetic;Physics;Statistics
maxList,3,ComputerScience;Core;Physics
mapVec,3,Algebra;Foundations;Physics
mapTriple,3,Biology;Codec;Geometry
m,3,Cubical;Physics;Promotion
loopHolonomy,3,Cognition;Geometry;Physics
levinBoundary,3,Biology;Governance;Planning
leftState,3,Biology;Core;Ontology
leafState,3,Analysis;Moonshine;Physics
kimmerer2013,3,Biology;Cognition;Reasoning
jointObserver,3,Biology;Core;Foundations
jFineIsThreePowerNine,3,Biology;Moonshine;Reasoning
jFine,3,Biology;Moonshine;Reasoning
isGC,3,Biology;Codec;DNA
isActive,3,Biology;Codec;Physics
interpret,3,Analysis;Moonshine;Physics
identityScale,3,Biology;Cognition;Physics
identityOperator,3,Biology;Core;Physics
historyResidue,3,Algebra;Biology;Reasoning
halfPositive,3,Foundations;Moonshine;Physics
gate,3,Biology;Moonshine;Physics
futureSurface,3,Culture;Governance;Reasoning
futureCone,3,Culture;Governance;Reasoning
fst,3,(root);Combinatorics;Core
fourth,3,Analysis;Foundations;Physics
forgetAfterClassify,3,Arithmetic;Foundations;Moonshine
firstResidual,3,Cognition;Law;Moonshine
expand,3,(root);Cubical;DNA
evaluate,3,Foundations;Governance;Mathematics
encodeTrit,3,Biology;Codec;DNA
encodeInjective,3,Crypto;Foundations;Mathematics
encode-decode,3,Algebra;Codec;Cubical
enabled,3,Cognition;Culture;Governance
dotAddRight,3,Foundations;Moonshine;Physics
dotAddLeft,3,Foundations;Moonshine;Physics
disposition,3,Analysis;Core;Interop
digitValue,3,Biology;Core;Foundations
dependencyCode,3,Core;Law;Physics
defectAt,3,Biology;Hecke;Physics
decodeTrit,3,Biology;Codec;DNA
decode-encode,3,Algebra;Codec;Cubical
counterfactualBoundary,3,Biology;Cognition;Physics
coordinate,3,Foundations;Moonshine;Physics
conjugationInvolutive,3,Biology;Mathematics;Moonshine
conjugate,3,Biology;Moonshine;Physics
concatMapMember,3,Foundations;Mathematics;Physics
concatMap,3,Foundations;Mathematics;Physics
concat,3,Combinatorics;Cubical;Physics
complement-involutive,3,Biology;Codec;DNA
compareNat,3,Cognition;Control;Core
coarseObserve,3,Core;Governance;Physics
clayPromotion,3,Interop;Papers;Physics
classifyAfterForget,3,Arithmetic;Foundations;Moonshine
carbonBoundary,3,Biology;Chemistry;Programmes
canonicalSourceAttributionBoundary,3,Governance;Law;Wikimedia
canonicalSeed,3,Combinatorics;Physics;Vision
canonicalResidual,3,Core;Finance;Governance
canonicalRegistryBoundary,3,Biology;Core;Governance
canonicalPromotionBoundary,3,Algebra;Core;Physics
canonicalObservation,3,Biology;Geometry;Visualisation
canonicalGeometryPromotionBoundary,3,Culture;Physics;Reasoning
canonicalCandidate,3,Cognition;Foundations;Interop
canonicalBoundary,3,Codec;Foundations;Physics
candidateOnlyCoreAdapterReceipt,3,Culture;Interop;Promotion
candidateOnlyCoreAdapterPromotedFalse,3,Culture;Interop;Promotion
candidateOnlyCoreAdapter,3,Culture;Interop;Promotion
boolEq,3,Computation;Crypto;Foundations
bitNat,3,ComputerScience;Core;Physics
autonomyBoundary,3,Biology;Governance;Planning
authorityObserver,3,Core;Governance;Planning
authorityNonPromotionCoreAdapterCanonicalKindsFalse,3,Culture;Interop;Promotion
authorityNonPromotionCoreAdapter,3,Culture;Interop;Promotion
authorityBoundary,3,Governance;Ontology;Physics
arbitraryAlternativeStillNotCausalCounterfactual,3,Cognition;Core;Physics
appendPath,3,Culture;Governance;Reasoning
agreementDepth,3,Environment;Geometry;NumberTheory
aggregateImportDoesNotClaimKernelValidation,3,(root);Cognition;Core
advancePhase,3,Biology;Cognition;Computation
advance,3,Biology;Cognition;Physics
addressDepth,3,Biology;Foundations;Geometry
address,3,Biology;Cognition;Foundations
addZeroRight,3,Analysis;Moonshine;Physics
addVector,3,Analysis;Mathematics;Physics
absDiff,3,Cognition;Physics;Quantum
_or_,3,Cubical;Dynamics;Physics
Subset,3,(root);Core;Physics
PointwiseEqual,3,Cognition;Moonshine;Physics
Operator,3,Core;Interop;Physics
K,3,ComputerScience;Cubical;bishop
Invariant,3,Foundations;Geometry;Mathematics
Hamiltonian,3,Biology;Interop;Physics
Field,3,Core;Cubical;Physics
Fibre,3,Cognition;Foundations;Reasoning
FactorVec,3,(root);Geometry;Physics
F,3,(root);Geometry;Physics
Evidence,3,Biology;Governance;Interop
Compatible,3,Core;Crypto;Governance
CodeLength,3,(root);Combinatorics;Compression
Assignment,3,Core;Mathematics;Physics
Address,3,ComputerScience;Cubical;Geometry
