archive_filename,tranche_title,surface,relative_path,status,archive_sha256,active_sha256
toe-latest-output-20260912.tar.gz,,DASHI/output-final_aristotle/RequestProject,Alignment.lean,divergent,bf65094dec4322a52af28b3b0c069d372f6af983aa5a20589807d421094d6d5e,98e74e2580dd7f9d20f459b454eecf0206147aecb03bc3a227130be7d0e5f3b9
toe-latest-output-20260912.tar.gz,,DASHI/output-final_aristotle/RequestProject,AllowedUnits.lean,divergent,bf54f2c6b8784cfacb5a90d37663960b146734d9433f2afd21bcdfb45a5f1ee3,bb359a378efb736f302d63d660866eed44ae40e6e0c6980a270ebab0497b0c29
toe-latest-output-20260912.tar.gz,,DASHI/output-final_aristotle/RequestProject,Archive.lean,divergent,994385b53eebfd5b072c8ce07523ebb60d45498de5d2df7aa01d0ffcccc97936,d1ded993e28e4a06b433b6fdfb2d81a5322173940b867d4acece89cf0a98fb63
toe-latest-output-20260912.tar.gz,,DASHI/output-final_aristotle/RequestProject,BabySteps.lean,divergent,7ea94b40accbbb791c189c97cbd5f362bd509ae28d993ce1402032ac209d8804,0cf3dc442084753de09d0485564c97c6f0cb2844eee10ccbb66e787a405f5937
toe-latest-output-20260912.tar.gz,,DASHI/output-final_aristotle/RequestProject,BabyStepsAlignment.lean,divergent,53e4f0478b702c0049019971430e1eaf3d1a22dca10ad91088575a656334eb0a,73bf11f34264798df9af590af1542a4485a56da0b7a6a2620e530f9bb88dd9f6
toe-latest-output-20260912.tar.gz,,DASHI/output-final_aristotle/RequestProject,BabyStepsProperties.lean,divergent,84f81b87bbd1b054ade38f090a9f0a30ea29a04d4c24363495922258c18bba81,0fd9df2c4d6b31a074bca55f4ed0f3816c65145433b8e83949e17fa022b9ac88
toe-latest-output-20260912.tar.gz,,DASHI/output-final_aristotle/RequestProject,CardinalityConstraints.lean,divergent,670b25ccc7e4edb59e3d999f3fd57a521b0fab70f876496cf7affb457cd3e5ef,68798b6169414f608a5c5c9650880e29ce382428f660d54bd70da768ec1a75da
toe-latest-output-20260912.tar.gz,,DASHI/output-final_aristotle/RequestProject,CategoryOfOntologies.lean,divergent,9e2570e5f8fe535b83a0d6bce8a7ca2bde735218d12bd1340eba50dab4ca272c,b695b24a1d39bb24ac1f13f014754a4e1d6dfee4c210600dd484d5be9851e10a
toe-latest-output-20260912.tar.gz,,DASHI/output-final_aristotle/RequestProject,ClassAlgebra.lean,divergent,6ee3b2371498d67c159fe97389c9ca1e06144ad530e17554cb3f87968c9f899a,7959ba68d59783f39339d16a712ed5720f155a11c0d153056a850efdb56319aa
toe-latest-output-20260912.tar.gz,,DASHI/output-final_aristotle/RequestProject,CompiledFacts.lean,divergent,e965aec051f4a4adde319ec242dbbe80e4c78a9dac92689fdedd9eb6050ff6b2,5193c57baca952d677b7c33cf2ae043cc232506944d7aee66c388213a9e032bb
toe-latest-output-20260912.tar.gz,,DASHI/output-final_aristotle/RequestProject,CompilerPipeline.lean,divergent,63b3f3242092ecf7e6ad38a0fc0e2c2b6be4bb8fadc3513fc7785c6e12d04571,69fff381f7ca9e92983f85bc43cde37429eb2b68f85a8fc404860534e57a1024
toe-latest-output-20260912.tar.gz,,DASHI/output-final_aristotle/RequestProject,Concepts.lean,divergent,d0143dd5742798f528317a205f48bee3d7ffb042b8c8af161be2dd71e72d47bc,abfdd8bed7ea8b8ae1d20ffef5cd830de6ecf459ababdb692ed5b3e567124bb1
toe-latest-output-20260912.tar.gz,,DASHI/output-final_aristotle/RequestProject,ConstraintExceptions.lean,divergent,b1a8a932ac221c47758d0b91b51d00ff8130ad205445f159e224b1a0d324b20b,8d4135239fa9fbff65b5424a6a92fa43cb8f22ae8ae596ba3df0c49d5d7e5464
toe-latest-output-20260912.tar.gz,,DASHI/output-final_aristotle/RequestProject,ConstraintSuite.lean,divergent,82205550f427110cc93c5389bd24b9901b04fc92cc6b1ef348503cd25023ee38,855abec1469e2b572942dc7fa84e46a71a7e794c019a700667dd9a0e29f59417
toe-latest-output-20260912.tar.gz,,DASHI/output-final_aristotle/RequestProject,ContemporaryConstraint.lean,divergent,7baa7f23cae1b24ff5aca19de324910eee8b0c7cdf6d69a0fc0a44b4379be6c8,944543e1e66de05f18d275e6813beb0754a46856baddee5798f777e95b03f8d7
toe-latest-output-20260912.tar.gz,,DASHI/output-final_aristotle/RequestProject,Core.lean,divergent,45cd840ee934849749a1b753db07a23685ec1f61dfb21b1c6d6c9a2e82e137b1,07c59561520bc185996f1791e8d3690220235ce545718d513843dd3adc2ee218
toe-latest-output-20260912.tar.gz,,DASHI/output-final_aristotle/RequestProject,CorpusEntailment.lean,divergent,740a9ac494c44d98d0a09aeba6db30786ca6344db164c95c5af61662222b7de5,a9a8516f7c557439b580b275b3a234327206f8501102a87851c447aef5eb783b
toe-latest-output-20260912.tar.gz,,DASHI/output-final_aristotle/RequestProject,CorpusFrontier.lean,divergent,21ad3ae0a63e7ac1b078acbe88657eaf11791ca5b65159ac6cf59370e8157336,9a208c96f2ea830eb0c1d1b5dbe58090b2c5ef6851d7c6b948379ec21b129c9f
toe-latest-output-20260912.tar.gz,,DASHI/output-final_aristotle/RequestProject,CorpusRounds.lean,divergent,ed9581e513ea4c3a58bac7bd3aacc925aaca427bdd79299ded522622c48307bb,d562f26b07ef8abff9ccc0b9d444b261cf379c233cb006069a19aae3f014402a
toe-latest-output-20260912.tar.gz,,DASHI/output-final_aristotle/RequestProject,CubicalTypes.lean,divergent,790f6a3f52d4fdd46c3952fb5eaef90c32ec92857c2c54ad634ec6ef5638e652,67612d835b2330dd2f0d992b47f08113d5eeddfc45b5c5995a4eeae4387a9306
toe-latest-output-20260912.tar.gz,,DASHI/output-final_aristotle/RequestProject,CyclicAlgebra.lean,divergent,a65b1a75a659273b858370c7f06fad45abe8bc898a2c8ca0b412d6ca28f97c52,5f413f82f8ceb71557e8166a76d90e6d2d020e6ba9077487f2fced8c6dfa993c
toe-latest-output-20260912.tar.gz,,DASHI/output-final_aristotle/RequestProject,DefTest.lean,divergent,b6d6e2d882111f651fdd3ff80cdd3718ce0ce9319c5a199723e734fe40634317,53234624b9dc4d1e8f0aa41838febcbbf6db3927c2308945b18691856324be3e
toe-latest-output-20260912.tar.gz,,DASHI/output-final_aristotle/RequestProject,DefectReport.lean,divergent,1453faf064f54e4a06a0ab372463dfb8bcab4b7a7c93a3e265075f6c6f29c2b8,9890b6208a433aa5d4bbab3cafcf86b6fce1da3fd28c867b6be87a60b6dc0ea0
toe-latest-output-20260912.tar.gz,,DASHI/output-final_aristotle/RequestProject,Defects.lean,divergent,c9620672405a0b4eed34f659ef28e8fb6b503811b35ed64526c3f87f851f0d3f,e8ed09618045dbc48f8c951cdd753295be7d19ba3f4a82781a0a841237d5921a
toe-latest-output-20260912.tar.gz,,DASHI/output-final_aristotle/RequestProject,Diagnostics.lean,divergent,aded8468ee98d58fff214b5ce86509e83643437e3768e8536b9ecc467374034d,f3c3bf3fef17bdeb77d5215cc6937675b5842e3f471c5a051724157171253ea0
toe-latest-output-20260912.tar.gz,,DASHI/output-final_aristotle/RequestProject,DisjointUnion.lean,divergent,fd22cab707d6d3e1e2822f7799e2526f4c0a8cce35cbf61ab9d7dccc7e0cf41a,7c4ef200266f14c510404749bcf10360fa9f99853120197c66040bf20c73ccc0
toe-latest-output-20260912.tar.gz,,DASHI/output-final_aristotle/RequestProject,Engine.lean,divergent,3dc4c598675a1a04712ebc256663bc878481ab1a6b0f890d014c199270a619e7,cadfb476f8c46b946d419b2735f497a892f99fa5b8671033d192be75d9e044f6
toe-latest-output-20260912.tar.gz,,DASHI/output-final_aristotle/RequestProject,Enrichment.lean,divergent,44107ef979507f1c9ca929fb2e9dbbe97de40006823d51af58c06931787e6fa8,a7c82dd878afea9dae5adea9924c384faf13d963fc386c5cb60a1064d31db4d4
toe-latest-output-20260912.tar.gz,,DASHI/output-final_aristotle/RequestProject,EnrichmentCorpus.lean,divergent,48c3642dd99ec19310b0858219bd1f1476a17affbba62ef8806fa3fe49611887,5a1f1a6a4afcb81bb7871d5ce571d83968f2c2828bfe050575dc80676e40e2ba
toe-latest-output-20260912.tar.gz,,DASHI/output-final_aristotle/RequestProject,Examples.lean,divergent,47a85eebfe88508cf7c2656a39fa6eb6252c9900dc8e56dfbb3f056b05ad1ef0,132a67842949e5a686ec82bd7d4df0d27e664d3b8cd3cfe89667e6b252c0c595
toe-latest-output-20260912.tar.gz,,DASHI/output-final_aristotle/RequestProject,ExternalIds.lean,divergent,ea0053d4e7cf7c85f66390b90e8ec6cc00bb779bd7a3a999513d4dfc734563b9,b242aacbbd9e664d5b91aaf56b7b75752ff639761efa7cf30e00138e9f089731
toe-latest-output-20260912.tar.gz,,DASHI/output-final_aristotle/RequestProject,FastEval.lean,divergent,b0788820f31ca5f36ceded2038b01760c78bbc444680fa5d2b1055d054d983f0,804239c2408e34f12b662f922c863c0d97a171eafb7f702112b691d94ec495d5
toe-latest-output-20260912.tar.gz,,DASHI/output-final_aristotle/RequestProject,FeedbackSets.lean,divergent,910162b2f1e68d6c5c15d33a597e0fc3a7c2d1c7a7160e54869ec39bf2b69f25,3c9aaacfbcddd4925a30766bf51acec5dd69e285ed5e79c5a54912943a5e2eb7
toe-latest-output-20260912.tar.gz,,DASHI/output-final_aristotle/RequestProject,FieldsOfStudy.lean,divergent,d71d92ec1252912322efa2e3e2bc852ff11bcd2544383b1e13748b103c3d696e,21714b6d190e347d13283ae063a26b3f76c27b48b15d5cc1749be4c3fb90021a
toe-latest-output-20260912.tar.gz,,DASHI/output-final_aristotle/RequestProject,Fixes.lean,divergent,56c12928a88597cc06547f041db9881ae6deec2e14bda13e57b29a4bc05485ae,fee83256064126737345db314651c1b9a7c0b721b005f00a5115a8b636e04392
toe-latest-output-20260912.tar.gz,,DASHI/output-final_aristotle/RequestProject,FormatConstraints.lean,divergent,ad1bc40676df1a8838fa7b9387fdb5d5587335b2e3bbe2a1e79d5cfa21982c42,97940f70528f43b5d65dfc8052c9b5633aeb9bf68f8362dd7feff4a1b46bb4df
toe-latest-output-20260912.tar.gz,,DASHI/output-final_aristotle/RequestProject,Gaps.lean,divergent,4578ac790912e49bc18576e39ec7cc4df05cf4945bd4dcd8f3b696dd25cd1260,9ab03c0e0455764742fc6a538ce1b0ddcfbe3a51bc4111f03720bca5c9fd701f
toe-latest-output-20260912.tar.gz,,DASHI/output-final_aristotle/RequestProject,GeoValues.lean,divergent,03fbd36639ba6368bee9f10ec85fc6af3f75230245916b965bf80cd4ab6e5fc0,ed68a4dde2d0d4b7224e950090eb9dfa2e27ddc4204b7f35d048d88b5c146a83
toe-latest-output-20260912.tar.gz,,DASHI/output-final_aristotle/RequestProject,GrothendieckSite.lean,divergent,7f40fcb52045b715717a9a114892ab2f1f8f8f4a70dce18102b41fc8be70b6b2,54aa95202cba453d8699a7ca77a681d937ce82b5605262006c1ab8e53e1e9672
toe-latest-output-20260912.tar.gz,,DASHI/output-final_aristotle/RequestProject,Grounded.lean,divergent,8ab63602b85286a8156d5bd5af457ce92f35bd1ed3558f30738d02ab6f1d55b8,06be1d3f493673b6f44307bd297a9e1896f047ee5d4d713dc814cc617f9e39fa
toe-latest-output-20260912.tar.gz,,DASHI/output-final_aristotle/RequestProject,Grounding.lean,divergent,43a1989476edf8d4ecc7eb9bfd5e7794d7df2e177759370c6e0eaa2176e50c20,6df1ac76846b6b0a82df45efab37c843498595f96c4471e692684cbe72a84e92
toe-latest-output-20260912.tar.gz,,DASHI/output-final_aristotle/RequestProject,HomotopyTypes.lean,divergent,244b431643b4ebe19886fe2dbebe597b304e4e17892a78f79a68b8c8069ab579,eb693c9f00fb9901554bcf28ebaa2b1e15d40a24b8545444ab4eb31415627700
toe-latest-output-20260912.tar.gz,,DASHI/output-final_aristotle/RequestProject,ItemMerge.lean,divergent,613fa1ae942d1f205fb1cc695e66962ef686066714ad70cc428f0c5feb5435cb,655bb77dae39e25ccc45fafb1020359b9d9a34fd3c32882366fb0ed88f1e127c
toe-latest-output-20260912.tar.gz,,DASHI/output-final_aristotle/RequestProject,KbTerms.lean,divergent,311459d5cbc957bcf25ee592902b9b3df02cdf65c1b7518178ba084b0ab3507d,0acc8b1f09d6823d0f87b630f1a5d2fe3fa0c67a8a62c2c97e669e6aafd8c1a8
toe-latest-output-20260912.tar.gz,,DASHI/output-final_aristotle/RequestProject,Kinship.lean,divergent,c290527d6321aabf10aaa997b70823861b1475f9d0cddb1547ac073819096379,bc6ebccd6c5a1e911c00f8cd9633d1e64f6851380bd56dfd384fccbd2530236b
toe-latest-output-20260912.tar.gz,,DASHI/output-final_aristotle/RequestProject,KinshipDiagnostics.lean,divergent,859e5646e6edb404f189d6f4367df70afef3c8c4f489425da77a80f4c6ba640a,883817460188693967c88cba5b035a6cd481291734cb316ce40f0869ac48bffc
toe-latest-output-20260912.tar.gz,,DASHI/output-final_aristotle/RequestProject,Lexemes.lean,divergent,c360600d18a681675a953cf76fec661c2f593f741269e35cf0bf9a1a77a91539,48712e000a5afffa0423360659a30483c331e04197a388225f5ed8c5b1f69642
toe-latest-output-20260912.tar.gz,,DASHI/output-final_aristotle/RequestProject,Main.lean,divergent,431a616e3f48df2f2f5c0b8fc4c0a6d5e02ecac9b7d1b57c0ce9377ba160bc64,6a315734d4709accebc60060bca8c35a7c2b9a9b8561bacd6a3962d0e13f86ee
toe-latest-output-20260912.tar.gz,,DASHI/output-final_aristotle/RequestProject,MainArchive.lean,divergent,a1ef57800b02b1c6dd2c5c9c8fd8823f2f1622b03d0c50e29d2a091e6a94d339,7ecba7c05e34d9ded4fc7909f25219a6d534d848ae307e41d55d429c128e78c2
toe-latest-output-20260912.tar.gz,,DASHI/output-final_aristotle/RequestProject,Matching.lean,divergent,cd48a47c11a8b3f056b74d26ab2d520873199d8821a7d13247a250bc5d68a9d9,983b64b526ea8bc04a4fa88b704435aafd6b981349b00c664d4c310afc5884de
toe-latest-output-20260912.tar.gz,,DASHI/output-final_aristotle/RequestProject,MathCorpus.lean,divergent,676780f73d38fd81c4e5d93143922bc573b0014ebcdb3d3235e3ac0cccb9d536,1d17cb144dd770b04bb4da639cd5cbc54bb35db275c36748d60402be1c4c36de
toe-latest-output-20260912.tar.gz,,DASHI/output-final_aristotle/RequestProject,MathResonance.lean,divergent,6e0bb9e8bce6e65c89eff62462ec46c8c6caae121fee9a124ee06c4e66fde693,f03aae9d6937e5ddd3164459654481eb7f8304ee39a1cd92c02ac0eff89224af
toe-latest-output-20260912.tar.gz,,DASHI/output-final_aristotle/RequestProject,Mereology.lean,divergent,b81a8632dce181845e4c9ca500fb4a9a74df77aeb86a99392361eda991347c35,27a7554e750a0893f69883ef3ccd1834a32df059bb481cbed09bd475725e05d3
toe-latest-output-20260912.tar.gz,,DASHI/output-final_aristotle/RequestProject,Merge.lean,divergent,0f5177f6276e5b7a979eaa7fc6a9b4e34a2de3ed28260d4973e352f24ff46319,a3025cee7b577e753bcfdb01076816944399353b40ff033e595585d512b1b98c
toe-latest-output-20260912.tar.gz,,DASHI/output-final_aristotle/RequestProject,MetaFrobenius.lean,divergent,d8fa4791ca793d5bb773f0de3ad529ba9bb1ed545b5b643832cbaff550770f7a,c086d92bab99f8b0619ce5a5ffe378b990c29ffc725f571b746911f1a08c9132
toe-latest-output-20260912.tar.gz,,DASHI/output-final_aristotle/RequestProject,Modules.lean,divergent,1f300f8105303a18a53bc935c6b1283ed9a4eac921615be7b64b22db9e45511c,4770b9e385b80b79fbfbd631308f2740a2b297e21808210e1af539c84e01fa04
toe-latest-output-20260912.tar.gz,,DASHI/output-final_aristotle/RequestProject,ModulesCorpus.lean,divergent,5dfef6e7f2790fd26caca30431e27593b7af239ef0ab656e9800dcfab0e99351,b23e80219b7344c96cc978a6d7b110fa6fa4b5b45be93ba7d4b1ab2d99b307cc
toe-latest-output-20260912.tar.gz,,DASHI/output-final_aristotle/RequestProject,ModulesExamples.lean,divergent,55e83b17f186884f19e17939faefcb0b109a1c32484d997de5cdafb0bf5cbff7,70ff9de09c7e5171282f3a4dc4acca1f8d822e4114ebbdcc4ad43dcc9e8bfd46
toe-latest-output-20260912.tar.gz,,DASHI/output-final_aristotle/RequestProject,NavierStokesClosure.lean,divergent,5cff421489235c59dfeaebbdbadf70658fb062a762c87940acba26ba21028da8,5861d4be2a3c0f9868b76e559123db88645fa5b91a320701162c2030be082982
toe-latest-output-20260912.tar.gz,,DASHI/output-final_aristotle/RequestProject,Normalize.lean,divergent,9a1607b958254e8001ac851a65592db89b9f616ce4953c3d1b5f5d4e7d359a0b,61e5bea1ee2f61022567f980e3b2a3edf42c58776d206369ba7b01ddeaf63fe2
toe-latest-output-20260912.tar.gz,,DASHI/output-final_aristotle/RequestProject,OnePage.lean,divergent,5011df7d84dce2e737c1015ddd2028508c15f58a289c647fef1aa4bb471f8f67,d1ee47e83e9caebeaf4a340ea7ce0be191ef08afdc8fc6d330564ad5774c4c09
toe-latest-output-20260912.tar.gz,,DASHI/output-final_aristotle/RequestProject,OnePageExamples.lean,divergent,6a684419f23781584a618801d9616c14fb541ee00d17f82ad2955806465040e9,83352861b90dd5966ffc4b2d66de29abf090ce73f82ab3ae7fbd736adfb51c3d
toe-latest-output-20260912.tar.gz,,DASHI/output-final_aristotle/RequestProject,OntologyColimits.lean,divergent,c10419201e1bfc50d821965e6e0fe7ffde12a30798feeb6dd9fc9af3da5e08eb,e9d1e229f9fbbad8df71991e9ed0bca1b022e5f767cd0ef8d09e21bebcd89f41
toe-latest-output-20260912.tar.gz,,DASHI/output-final_aristotle/RequestProject,OntologyFields.lean,divergent,f888e8d7b13e6d515422fbe9066eebce585c4b5f437d5c370c272cc1b6d10a08,704a804f614f6c3ca318f2f1490b39b10cda3851649152800811a220921e82ce
toe-latest-output-20260912.tar.gz,,DASHI/output-final_aristotle/RequestProject,OntologyGroups.lean,divergent,fc4fc0755cd9c3d13df9baa819a8632a2f8278d8b586dc0b74beb3c8cedebb2c,401001f8809db912681206fdd3231a26345670808a9cb6f5e099d08398be8ae5
toe-latest-output-20260912.tar.gz,,DASHI/output-final_aristotle/RequestProject,OntologyLimits.lean,divergent,5a3c394dded833b0915a62389bf6f027b6cf8ff07e892fcc0740a07dee0cd645,f979bb39c852d148c583f0b7e25a4b150d6a5535a4da9aadeb60378ec68a8a6d
toe-latest-output-20260912.tar.gz,,DASHI/output-final_aristotle/RequestProject,OntologySheaves.lean,divergent,c88f1138830f421255969f1ad0138cafa2ee1a8f6aea6c009f5c8317dd63f08d,21e76fc542592451d847e72c55a3c9621fe59482a74ee7f210de242db10c4d77
toe-latest-output-20260912.tar.gz,,DASHI/output-final_aristotle/RequestProject,OntologyTopology.lean,divergent,560ff2be0024f1e844c9f4d06369d7fea51e658ad2301a39d37ca2bfb7e722b5,2d60459db4fed73b467b3ee679448c3261486cad1a8d66049ab7193069923b7b
toe-latest-output-20260912.tar.gz,,DASHI/output-final_aristotle/RequestProject,Parenting.lean,divergent,507219cc7af1354f2d73a44df935da3a24b2bab25e3e771ace24ecd0af051fa0,1f1139d31e067267464ed7c5e7e2c25feb8123c1bc71c1b202a855fdf6ad72ba
toe-latest-output-20260912.tar.gz,,DASHI/output-final_aristotle/RequestProject,ParentingDiagnostics.lean,divergent,d7834166c32cffdbbc8acada5dfcd2b14c15b8422604344cd2e832be5a30bdc0,4d31d9fc833d62dc891f6f090a8d2b124b74d959662fe32a2bd719d5a1f1de17
toe-latest-output-20260912.tar.gz,,DASHI/output-final_aristotle/RequestProject,ParentingExamples.lean,divergent,983b8f88c4c56c621e72f83c1f0ae78dce2190fbe028514c3680262de011e4fa,eb0f4d95a65e05d7f567be96ef9ac3843db2fd4b83d7d1cd93f0944b41349e78
toe-latest-output-20260912.tar.gz,,DASHI/output-final_aristotle/RequestProject,Paths.lean,divergent,eef16eb91ab3e1ec14d72e3d767851b86a0eb2dd2755f91c30ee1d4a75806b90,849552117ccb4d7036deb9b1476d77610f25bdfd6c32b658e28deff3d38a276d
toe-latest-output-20260912.tar.gz,,DASHI/output-final_aristotle/RequestProject,Periodicity.lean,divergent,e7a94f0716b929a05944280c09d311bfc0ec61b597dc9635d63fa2ab709fa1a7,9459ab3ff4d5fe226c9f63cc8584f9474033174417f501ecaeb091fbd68b8bb9
toe-latest-output-20260912.tar.gz,,DASHI/output-final_aristotle/RequestProject,PeriodicityReport.lean,divergent,07aae2b3cc6a11aee31e60c34d70734edae49ac02070ac45ea8ea66924c26894,be0d456527908f6733b812a4cade51bd906095403fb6a3f1383d970b0cbb74a3
toe-latest-output-20260912.tar.gz,,DASHI/output-final_aristotle/RequestProject,ProgramAlgebra.lean,divergent,72040e604dce9f7bc0fea7ee66f6091c7e7c6c77cdd04e2d06434e1a58295e18,22cc662863a60ea4533e6e78d51f2186abc59552692520445b10b35d4b2fa346
toe-latest-output-20260912.tar.gz,,DASHI/output-final_aristotle/RequestProject,Properties.lean,divergent,e5818524e5039d056564420d6ae7f3e865a7e34b83c777970abf17e770507c34,91401fc615d7960dba10dd9759c03fee81d495ab806f56b51aece240a1ca4756
toe-latest-output-20260912.tar.gz,,DASHI/output-final_aristotle/RequestProject,PropertyConstraints.lean,divergent,ccf2483d91a7fd2bb93efbdb2d995eb97c1a86ccf449859fbd88fa8149e8556e,9e06c8a8389b57987d2181d3213f4db36dec7dae36379d7ac9bb3b68cb2bc45b
toe-latest-output-20260912.tar.gz,,DASHI/output-final_aristotle/RequestProject,PropertyEngine.lean,divergent,c58b496c07a2154a8d1543e706e76b8bf362ff7ee37c14486555b7296b7484eb,ee26b3ddf0d8f3fb6ab4d104ba582d030391ae20e210feab081828eef0932a72
toe-latest-output-20260912.tar.gz,,DASHI/output-final_aristotle/RequestProject,Provenance.lean,divergent,9eb56b22b697e8ab2d8f6ef32258d99d4ab174599b48afa3c8baa06061845a09,a77cfbba6bb72a4a509a0826d9092f6481d5e4d152897379cffb390337751626
toe-latest-output-20260912.tar.gz,,DASHI/output-final_aristotle/RequestProject,Publish.lean,divergent,6c3a8cdff0367312a9a54ee53403ecfe85161efcad94194152c2e66dd908bb18,1e69e2a6ac700a326d936940c6312ac7ceb9fc7c43ffa6bb8ffc33695795978e
toe-latest-output-20260912.tar.gz,,DASHI/output-final_aristotle/RequestProject,PublishExamples.lean,divergent,795ad8e2ab9c2280423a2d5f213d276a3eeba7ccee23b60c708026185645eece,f6e8e652de9d3da0168329b0c24922cca9bf7b2892e4a8be54f201d87e7abe5a
toe-latest-output-20260912.tar.gz,,DASHI/output-final_aristotle/RequestProject,PullbackComparison.lean,divergent,9f9cbe4ab08dd4e7ea850c98e7d012ea7776d0919f77ee30ab888642cf97b855,2c09fe46973e7b8199e67a38018d3a2667fa3b5fb3f7643b28b3a5460e3b5ced
toe-latest-output-20260912.tar.gz,,DASHI/output-final_aristotle/RequestProject,PullbackRetraction.lean,divergent,67d74caafe161fd36afaddd661fa6ff77d6d2583ff0799fd9d7e3484170239dd,d28239ed2b0622bc9bb49a766c85ddfefde01369aa49b84c4dbf7c28d4cd03a6
toe-latest-output-20260912.tar.gz,,DASHI/output-final_aristotle/RequestProject,Qualifiers.lean,divergent,3b0173ec8d755d400dcab3f86854bd04ed48218eca4161f8bde2e6ef39b4bbf5,b540c6dc5eab75ef6582ea493dbb465552f0e23e853897cfa70a725ae3408090
toe-latest-output-20260912.tar.gz,,DASHI/output-final_aristotle/RequestProject,Quantities.lean,divergent,4d3ad104bcd620b4cff81cf81773af1aa183a4c32b468a6b1df9b0452946cd95,557301d2fe1766ab561d9525165cb1a938c811dd45e638445f1d6bca27c21269
toe-latest-output-20260912.tar.gz,,DASHI/output-final_aristotle/RequestProject,Queries.lean,divergent,f98428aecdd71ecb59c3d110380d62ec91c35ebdd13d6142a4974189ca5e528f,2b3ab6ead78cb7d9b56ffb697f814821828bdaf19735914b0d912b784ab04547
toe-latest-output-20260912.tar.gz,,DASHI/output-final_aristotle/RequestProject,RangeConstraints.lean,divergent,7e79afd43cf43deba0c0828b159e156f731554c62905df5a8d71dd8a5a9eb16e,c34389248d090a39c49aa91fbd87e6a92013bf5179194c36e1363fe07ffc3a18
toe-latest-output-20260912.tar.gz,,DASHI/output-final_aristotle/RequestProject,Ranks.lean,divergent,56331f7dd0c158498e2e0fb80b0556c138dc6d1a12142756b200c29fe5c83a63,d705bd5c627f098962072d68ede7e508c9d7792a2eb33906ad57a4920e84b185
toe-latest-output-20260912.tar.gz,,DASHI/output-final_aristotle/RequestProject,Rdf.lean,divergent,11a4d3fc6b152a022016d7c8639b89805d45352c9e08c16ec2a8172a2610f3cf,52e0e146b846f149a210e14ca95f9ca4bb8c9c765bc4b53f53d9c3fafae60e63
toe-latest-output-20260912.tar.gz,,DASHI/output-final_aristotle/RequestProject,Reachability.lean,divergent,296786c8080a71474f60edcf85d4d4ac325792f70a493e322f3f237d442f2ec7,c4cbd5adfd8e7a0d9b0a3641e3ffa69f27f8a5238130dcc90bb57980add6c912
toe-latest-output-20260912.tar.gz,,DASHI/output-final_aristotle/RequestProject,Redundancy.lean,divergent,5278b5ef622343e0e47fceb83930c920180a8a7aec6b19c345a4030843b2907b,f0e3d9d81c65b07643db8b6dd477c2e6ac2e2a3c13b827c4615ea730bf7abb11
toe-latest-output-20260912.tar.gz,,DASHI/output-final_aristotle/RequestProject,Reflection.lean,divergent,55162a53144c0a33bdab642791b62f9b4b235ceae0c7523d633c73056eb5cdc8,d74e9d302ff09061ad637095410859299fc30d99f4bc24bdf82f123778dd71bf
toe-latest-output-20260912.tar.gz,,DASHI/output-final_aristotle/RequestProject,RelatedCorpus.lean,divergent,0e5d04541385a8f2cd1210985822b5fbf58efd096b80b8de46abd83124cfc106,96a862e9692f2409de4a29bbe79eed6425f567128ddd283668faccbda40e6ed9
toe-latest-output-20260912.tar.gz,,DASHI/output-final_aristotle/RequestProject,RelatedNotions.lean,divergent,4ddbea5abeb7e98f5f818ebcab0062dac1abbd92fe66e2cfee536c383b7da0ff,6029fa1cac4e035343bdceb257c194478ecdb0bff90389f1480f335aa88d0614
toe-latest-output-20260912.tar.gz,,DASHI/output-final_aristotle/RequestProject,RelationWords.lean,divergent,f30a23bc186b84e5ed6de676ab9b156e13bc57fa10f58c59ef2a9a29f924044b,092a980d0e1ef69e6aa8b13663ae69d4ba8d5ee6648344d12d4cb7a5e1d74168
toe-latest-output-20260912.tar.gz,,DASHI/output-final_aristotle/RequestProject,Renaming.lean,divergent,cb676907a3770a2d58078fa14641626dd1e596371f0e6e401a0b61d7c6d99d8a,2d34acd1ada7fff8e2d635d2c61418a98c318205d777beb08b5269e477b02829
toe-latest-output-20260912.tar.gz,,DASHI/output-final_aristotle/RequestProject,RepairExamples.lean,divergent,f19b89e061e05f2ce58dbb54ba33387356545a1c7a3f3fc731e03c52c70fe872,de6f380d6958e75798cb2991f97724b09d6c09bfdb26ecba92bbf42f8bde774c
toe-latest-output-20260912.tar.gz,,DASHI/output-final_aristotle/RequestProject,RepairReview.lean,divergent,1dccb023733b52abc00ecde28c6536dca27236eebbf937b1aec9cdbabb3b0ba8,33e78ac57e36228c5855041b07ed57ed7df908f3c3e37ec997493ace507a57f4
toe-latest-output-20260912.tar.gz,,DASHI/output-final_aristotle/RequestProject,RepairWorkflow.lean,divergent,7142afbe00a74c2a3b4424976af61cf120cfd93ad5c44129280922cd7efbcf71,87fc60aba8ca7061e41c9138ce47cbf89e2588060feb4e531048165e5374ff50
toe-latest-output-20260912.tar.gz,,DASHI/output-final_aristotle/RequestProject,ReportExamples.lean,divergent,7dec046a88a22ba8308ec8c710875829097ead374a7288f6e26c432a1f3c22e4,d8fab4d3324f89eded635a1430eb0373f204a3d6c04a1e5a6a5d56a68f7d8341
toe-latest-output-20260912.tar.gz,,DASHI/output-final_aristotle/RequestProject,ReportFormat.lean,divergent,bd8df7d874d86c30c245d04568b9d58b0a618ddeb46769e69ea0384c29d2a3a7,9619dba4076824daad9851a2d5d64ccd4413f2591148cfae6f5b25658271b47b
toe-latest-output-20260912.tar.gz,,DASHI/output-final_aristotle/RequestProject,Reports.lean,divergent,fba243f889247bf26ec31463965b33262a5618b0dcb691babd21ad0a8206be91,c3dd82ac7cf31b2bdca4be1bd4d8109eec536c652beae84751324542fc9cbde7
toe-latest-output-20260912.tar.gz,,DASHI/output-final_aristotle/RequestProject,RetractTopology.lean,divergent,40bafbecf4a46d63e6702eb6c0cfdbe5330a5d67b80bdc79403c2ef92f6927a6,f1fc7ff25bf1111e1a4838fe34b22aa9c667ea69d7973955aff33852a8a6e900
toe-latest-output-20260912.tar.gz,,DASHI/output-final_aristotle/RequestProject,Schemas.lean,divergent,b2004eca08d1329580004b9f81b53b51efda0c0cdc7c4e7c44d0a1bb18a02901,aa1f44f6adde8b14a5816281c91ca2f2e194227eeacb52f116a1923fb5acf7f1
toe-latest-output-20260912.tar.gz,,DASHI/output-final_aristotle/RequestProject,SelfDescription.lean,divergent,fde15b5f577df943c399cfdf47904ac33fabd620eb1d374ade7f722f525061de,7e71f889f6e25a40e9a996978dd369182c917d33b5d86b3e7f8246d8465d62dd
toe-latest-output-20260912.tar.gz,,DASHI/output-final_aristotle/RequestProject,Semantics.lean,divergent,c7c907d6ae07a4eed1621ac28977c9b8719540bb4c856f971d5bc90f7826f73d,50ad9a93d7d2bf2fda536494292b701c855b3a44d5d99bc5b59b5b89b2a65dbc
toe-latest-output-20260912.tar.gz,,DASHI/output-final_aristotle/RequestProject,Series.lean,divergent,b25aa1c9bf2532fd045068c67648c5b883960a10337430cac83939db661e1c30,05770a6110430ff8c348a6f2dc89429b331ccc5b8edc8a65aa56c9c4d1c1c5e1
toe-latest-output-20260912.tar.gz,,DASHI/output-final_aristotle/RequestProject,SeriesChain.lean,divergent,a5c8b28eb086083d2c02084429351a5d4ce764bf50f09daecd53ae0cd4fe2a93,6b110fef1a0c04e9a5cab28eec2606d445bd5e21e1562bce9c6e5979c5d9966b
toe-latest-output-20260912.tar.gz,,DASHI/output-final_aristotle/RequestProject,SeriesDiagnostics.lean,divergent,b29348de459e7120a427f09caa1ea170be16be3ef1a198287119c91f8473b75c,27b0740fb348394af7b5125d11155c8c1e0f7a7ef8f7cf1fbf964e5f612cc2ba
toe-latest-output-20260912.tar.gz,,DASHI/output-final_aristotle/RequestProject,SeriesExamples.lean,divergent,f39b4bb5659d92d7a9c341b7fa3a25bd8200bcecd01a6ccb29f7e79c73225812,12151d370a3399b956cd49ec88bcfd58d0e641c1149054f6a9e93ac6c145bcf1
toe-latest-output-20260912.tar.gz,,DASHI/output-final_aristotle/RequestProject,SeriesRepair.lean,divergent,4538d098d3fadd65bc9688e2185a5bd11edd75971b5da6146448559fe30b23d7,76aaaebc4952ced4e43697ad2bee3c0f1fcca5e0c201b692d2d83dc1e540cd80
toe-latest-output-20260912.tar.gz,,DASHI/output-final_aristotle/RequestProject,SeriesRepairExamples.lean,divergent,09ad82c0ae59d380af8c0c0b97bf5713394fbd10eac3272301fb6e7d774d0601,28d627cf73e789d2b0268a6651a0ec0c740fe2e733e858d0e98c08b81e46cdfe
toe-latest-output-20260912.tar.gz,,DASHI/output-final_aristotle/RequestProject,Showcase.lean,divergent,878d63b4b166b2bd5f8228d551ea21d7d7c8446e96916878c1986d30295fa0df,43bf12b3525e9bcbc002f3bd6dc1dd503f724b3c3f09b4821e7eccf06a13f8c9
toe-latest-output-20260912.tar.gz,,DASHI/output-final_aristotle/RequestProject,SignedWords.lean,divergent,d8a67ae91be34cbbc4e229ad02e20e5900e48f7424d7e715a74432f2a8fdac27,8cb7ca25d2a6c324590f33e4527d4259898341269cfdae7327cca6a35af76b78
toe-latest-output-20260912.tar.gz,,DASHI/output-final_aristotle/RequestProject,Sitelinks.lean,divergent,5b00c7ce658194d0311de7d6ab4a7a734bf08b88440cf37f91aa37a9400ed807,200a2ae3bdb167f7a806e88514cf8352d36fc29bb21f60763c092b1c5a311699
toe-latest-output-20260912.tar.gz,,DASHI/output-final_aristotle/RequestProject,Snaks.lean,divergent,e9bdeb2a6451d905b8d431278f8ef3328b16c1999c39f33561c8648feed7a54c,83a55fc3c420d037579f65039bdb41e5547fd7bc0a4eb901494f8875c42acfe6
toe-latest-output-20260912.tar.gz,,DASHI/output-final_aristotle/RequestProject,SoftIdentity.lean,divergent,fe0256bedb0d8285480f50f0a28d1efd09e41d8ea6a9d937fa47c36b7d0140cc,eb2be237ee35d955bfd27ce638acfb3afe229b067a9338c12865f44fe94ddba1
toe-latest-output-20260912.tar.gz,,DASHI/output-final_aristotle/RequestProject,SpectralClosure.lean,divergent,5a45ffe3b76a73ea46bd6a2d6eeae0b36c1b2bab3e4cf5ae805f2cb0eabf03c1,bc8f84084203fced56d5eb053de489a744cf2d4d60e59397735ca5a58f766bb1
toe-latest-output-20260912.tar.gz,,DASHI/output-final_aristotle/RequestProject,SpectrumReport.lean,divergent,44620a5e946095cb386243758c5c64ef2ab9fb0ee51d4332e9b4c1fa7b51b3b4,8c1df0bb44d005819e99f0317f41a5395a89cdede845880dbd1aad03bc92c90b
toe-latest-output-20260912.tar.gz,,DASHI/output-final_aristotle/RequestProject,StatementConstraints.lean,divergent,09e8b516cf746325e43ad4da70f2ab430b1383074378410623b4747a8d4f63af,5cd559524fde525e61c3ee0388afccf6926f9821e88be6236b7c2b034104be2a
toe-latest-output-20260912.tar.gz,,DASHI/output-final_aristotle/RequestProject,Stratification.lean,divergent,434dd5574d35b8471e5f90c2590202cb21aafcfd2320b4e20e065937d4a83933,7afd823bc3b21b0fb64018731b3ecef8d8f6576b7d5c395a609d0e9d5d552f5a
toe-latest-output-20260912.tar.gz,,DASHI/output-final_aristotle/RequestProject,Subsumption.lean,divergent,8e4b7cc1bf2740cc12ac0a18114e06400ceb8c5d2ffba192b5c20febb9a7d1f2,c812e5620ed860978fd6414349e97101b288b8b28bf8c7a86fb81d8f48207ba4
toe-latest-output-20260912.tar.gz,,DASHI/output-final_aristotle/RequestProject,Sync.lean,divergent,112f953e2c250f9b392313535808ee3feb295b1e12c55dc49a489ab0efcb1c40,3094e8972661c224df4e21c1bade53fc316f4038cf7871418ba5accf0e178eb6
toe-latest-output-20260912.tar.gz,,DASHI/output-final_aristotle/RequestProject,Taxa.lean,divergent,fe00ab134968d9c112db6435bce2813c7ffd30a914d8dc0cda2a494262cf16ce,f69f6e2be08c32f78cf87a5daa7e1e598bc7628960ac3aeabfa36cfc55756da4
toe-latest-output-20260912.tar.gz,,DASHI/output-final_aristotle/RequestProject,TaxaDiagnostics.lean,divergent,fbe81910848ce1d945eb3867cbe6a6341dbe4ca96a90932cfad901b1400761c8,9115ffaf6bdf1976e2404bc9116a402188b302f6d4e8729a5e09f621dc4b2562
toe-latest-output-20260912.tar.gz,,DASHI/output-final_aristotle/RequestProject,TaxaExamples.lean,divergent,ee20029f353c40642ba86a6800895b9ffa1cdec1b171d9387b525a435787e560,f0107b0b298ec637bbc0a299887a8142b4f129ad58ca135e1d7255e836957ebc
toe-latest-output-20260912.tar.gz,,DASHI/output-final_aristotle/RequestProject,TaxaLineage.lean,divergent,ef4eb5323570708f9c74d3efff490f9c9442251d8b0074b47f2d34dc3cb4bf46,7da9597043c41d28f4ac12eb734cf9019a18e90330189d3c35969f89d6fd64cb
toe-latest-output-20260912.tar.gz,,DASHI/output-final_aristotle/RequestProject,Taxonomy.lean,divergent,20c97e31c7e0583f8ecec77dc23acbb09afc9c465909122aeb8c50456c528b0c,ed7e1d8c4ae7cb2898fc44b54faeebd1c22b3248a40438aa1f75350c82cec232
toe-latest-output-20260912.tar.gz,,DASHI/output-final_aristotle/RequestProject,Temporal.lean,divergent,da5ecc0a597c5a17f7909d4fd58a8b523f3804af947faa3f47ad3e1399695acb,4d9bc4803e95f88012a109794d7a6f813806d955ee364733a88b5e3fac51d64d
toe-latest-output-20260912.tar.gz,,DASHI/output-final_aristotle/RequestProject,Terms.lean,divergent,3a93be2ecc7e369b75fb6c2559c8245e88d07e0385f3b4be668d2f0b028fdf14,51d6e190594b9d3e821a55a9722bcf899c2af065685a87d031441233be8c8a57
toe-latest-output-20260912.tar.gz,,DASHI/output-final_aristotle/RequestProject,TheoryCorpus.lean,divergent,68e2d2c2635c36315888b321a021826bb390d4c67b8196dd347588790c5704fb,43241391873a03926411623b446209cc547a876dd90594a2615209bb7b285af3
toe-latest-output-20260912.tar.gz,,DASHI/output-final_aristotle/RequestProject,TimeValues.lean,divergent,1cd52250e2fa7f3f3266198cbce691a4217b765227d37ea891a4133d4f844374,e6b7ec9d0d4686f71490d880612a0a0375e1d75c5de7f7e72aed3e49f5427de7
toe-latest-output-20260912.tar.gz,,DASHI/output-final_aristotle/RequestProject,TypeProperties.lean,divergent,dadadef0ff3586ca61a0bbcf29a7c65bd98d398a5725dea28f5079905c633a9a,1de8506a3fed43c27ef8b3afb8cf278ada37321125c2a284ca99f75dc74f76d6
toe-latest-output-20260912.tar.gz,,DASHI/output-final_aristotle/RequestProject,UpperOntology.lean,divergent,6c13993abbe1b5aabe3dbe0bbaf2036ce7eef917fda3d270ac1b45153bea2cf1,c908067629013af6c1f0a483fa3ede9db4faa65df87a999a455b5f48a2a7cedf
toe-latest-output-20260912.tar.gz,,DASHI/output-final_aristotle/RequestProject,Vocabulary.lean,divergent,445da4fa7da891487761aa005cd8b34819e5cc3a2b1c71d546bc04b5439d77b1,6b1b080c3d2cfe60f26d392ceffd27bc595f98843a47b6c242a230eca8ec5382
toe-latest-output-20260912.tar.gz,,DASHI/output-final_aristotle/RequestProject,Worklist.lean,divergent,8a9aef53968cc26d6d69c5375b535fd1b3a23f0f9d34cd894a6f301c4c719ec9,bd5f34aae49086f0eb1beadf7b2e54605e91cb4c98a40fa1fb81b1476b76b2ba
toe-latest-output-20260912.tar.gz,,DASHI/output-final_aristotle/RequestProject,WorklistExamples.lean,divergent,248155abd02af206b331597f1d3fc61f2f222dda0f5e9bad62347624ba1818ef,f7cdd0d74d84e9b1694204a915b903fce68b89414dc48f0bef2ab9ef9491efcc
toe-latest-output-20260912.tar.gz,,DASHI/output-final_aristotle/RequestProject,YangMillsClosure.lean,divergent,ebb85d9ee5a474f30b04c7cb486a536b51b0ccea422289d6e234674d1738e321,60ad1a82c3c5bb604f88bbb5c7351a0f8d21f66ba28b715cb439b92aae1aee47
toe-latest-output-20260912.tar.gz,,DASHI/output-final_aristotle/RequestProject,Cli/Codegen.lean,divergent,c5c7c17d1326f6348a6e9ccc7ad2f3d738506a6dd1cf629fe03a092c8d166f3c,378297b0bd0b83d3a2311a229b730ef1ce64d43158138ef5091e79867f4b121f
toe-latest-output-20260912.tar.gz,,DASHI/output-final_aristotle/RequestProject,Cli/Derive.lean,divergent,764690df45f7637b36b42d220477adef3ef7db90f63c29d250f101c4c5183068,54119c1430d8aab3332e2c16b8cde7ecd402089e23f9419f2ef2b88b3904bb22
toe-latest-output-20260912.tar.gz,,DASHI/output-final_aristotle/RequestProject,Cli/Enrich.lean,divergent,3ba9b73cc1d6e6cc0e3cbb348639dd5768cfe49cd64fe3545ec80807b4a2db30,d00cc13a2b37059d370090ae17156f4fdd85dda4ec5c3ee76558dada9a41f845
toe-latest-output-20260912.tar.gz,,DASHI/output-final_aristotle/RequestProject,Cli/EnrichCmd.lean,divergent,f0c6ccc5c3d6779701238fdfa6478e01a9b2383560802653feb7ee9e5043a648,625bdbe441a99bcdc5aac54dce51c5b046ae8414af5b96b231b4f8433bb3a38b
toe-latest-output-20260912.tar.gz,,DASHI/output-final_aristotle/RequestProject,Cli/Examples.lean,divergent,2bb6aa2b456e3759fc4d289680b23ef4f4856bcfc9260ec352e04e8283960f9a,f54dfc5f45d9f77cf82cc301b48209cab22f0ab3d7e036447d42c20cc3c12e6e
toe-latest-output-20260912.tar.gz,,DASHI/output-final_aristotle/RequestProject,Cli/Fetch.lean,divergent,6fb2c43ae5c6c0614c5e7d6c060e7d2df7968ceb7dcbeaac4ab7ed8a30ab90cf,2d7440510fea2c170227ce1c8bf77920ac16cd55590536e9bbd6c3033b41020a
toe-latest-output-20260912.tar.gz,,DASHI/output-final_aristotle/RequestProject,Cli/Format.lean,divergent,7ec1c116b922770c1cc7d93daa92caf4018d6bca527f0c5f6788b30f6334a7e2,e2d9b0eb25d13f52152c081fe262c9c20ecc62073989340872da27b98f32a409
toe-latest-output-20260912.tar.gz,,DASHI/output-final_aristotle/RequestProject,Cli/Import.lean,divergent,3676f7b15f37d6c92effc41101e6fa6d3cfcadfbef13c0814f65cf79134db2ea,01250e8996416f69274c064bb14d8a38a84c8203bda546f75ad3f4dc8ab91d47
toe-latest-output-20260912.tar.gz,,DASHI/output-final_aristotle/RequestProject,Cli/OnePage.lean,divergent,ba570bce8bf7c45550ee4482cf6de99748296ab952eea4f00807ab030aaa8130,f6ed5e7b654ba229b02a455153f5c5b44e991cb5d511e3a3371b53f2ae269deb
toe-latest-output-20260912.tar.gz,,DASHI/output-final_aristotle/RequestProject,Cli/Publish.lean,divergent,cdbc27b077e6eca0a78673802ab7bbcc45ee09d25e1d08546380d50ac8e7351a,304f266ee12f8ab417e55227ba6482338cb212d94159838de4931baf523806c9
toe-latest-output-20260912.tar.gz,,DASHI/output-final_aristotle/RequestProject,Cli/Query.lean,divergent,4ea17bde8f7e3b99f7c2a81a93c316cc82ec78de4ca217fabe561c8e949e0fe8,e85f43a035564cd435a0a2ca36286da9a75f24cfb5e9cd2e8084c2a63ef1079b
toe-latest-output-20260912.tar.gz,,DASHI/output-final_aristotle/RequestProject,Cli/RepairCmd.lean,divergent,8fa8e9141f241a181a21081752976ec861f448d8aa9faa41baef76f1993260a7,0e4bbe5cbea86200ea1184292a179b4a747215178025c70be37f9cf5e544b88f
toe-latest-output-20260912.tar.gz,,DASHI/output-final_aristotle/RequestProject,Cli/ReportCmd.lean,divergent,bdb1802cdd89aec594ff94516245614e3afdc4665ac7cd50fb5fd24e4788d317,d4353bb2e93345736f266b1967d5df08ae35e80b0d5af26f02a5c7e5457fd69a
toe-latest-output-20260912.tar.gz,,DASHI/output-final_aristotle/RequestProject,Cli/ScanFormat.lean,divergent,b6ce393f434d8e7c25d221d0b16b0a15ed8ad2779c354c87491cc5a5569e0306,2d9a3ab3d3cc968f48bb6ba01ca84df0db8166f2985916e75a3db8129f8034b3
toe-latest-output-20260912.tar.gz,,DASHI/output-final_aristotle/RequestProject,Cli/SeriesFormat.lean,divergent,f7cde85e20300ac31b9b635deeadff0e4d496075fc624d391a0f7deef81f195b,6e0aceb80d666fba7ef40ae8e508116b20ec6e8a6e1e7e76de1308f4c1332361
toe-latest-output-20260912.tar.gz,,DASHI/output-final_aristotle/RequestProject,Cli/TaxaFormat.lean,divergent,994a554e49e7f61bc46c6d078d71457eb499f2a60d82d88ddb2cb4e9541219b4,b931fc58801c78364785d5e0355d1ad34b4547f5582909ddc83a75479627699b
toe-latest-output-20260912.tar.gz,,DASHI/output-final_aristotle/RequestProject,Cli/Tool.lean,divergent,7c49d4e98153a3f3ccc85f07b15adb8c6f187c26784f94e8f08ddcc833787494,29ec13bb38bb5266be559cc669f0a88ba64ca4cd641423ba2395efb5309344d8
toe-latest-output-20260912.tar.gz,,DASHI/output-final_aristotle/RequestProject,Cli/WikiCmd.lean,divergent,6641c489e7d3bb8cd40bcef5c7f73833e066b4d13c571359102b62946e3a7703,bdf2fb5bbc3ec0873e12bbcc053dd8d281774061ff740ce41bbc18e2f213af79
toe-latest-output-20260912.tar.gz,,DASHI/output-final_aristotle/RequestProject,Cli/WorklistCmd.lean,divergent,31d444d35218ab97f9b4997d07e1d8ff53f091c1ed6fcb27c568e720cebabc52,741539203c5419a3d4b593665b6dbd9882eb8ca9a174f3f8fe8bdfbc2cf85f29
toe-latest-output-20260912.tar.gz,,DASHI/output-final_aristotle/RequestProject,Generated/Chemistry.lean,divergent,5bc373e2f4b15aaccef413a94a1aa22c11e2a6e451974ed49c74884c9ec405b4,c17a9b7ccb78e513c9da2e4c21e7d626b21d1e8a65d624cc79080fd91ad1df65
toe-latest-output-20260912.tar.gz,,DASHI/output-final_aristotle/RequestProject,Generated/Core.lean,divergent,352b9b8d67be21f022c0662a80003f46ff3f0af958b01aab4d6021f21e83655d,f356ceb3d9883c6485ddc929d5c9b0eceebeab99d52a1572ffabc215db187df2
toe-latest-output-20260912.tar.gz,,DASHI/output-final_aristotle/RequestProject,Generated/CreativeWorks.lean,divergent,27018f6f02a6497a591da9f89b964e94dcc1331c436ce357a3c2af9a6c3971d1,3f1da5b4b8bb4e3172576300033442e40123fb608ba3b821f1dab687ccad48e9
toe-latest-output-20260912.tar.gz,,DASHI/output-final_aristotle/RequestProject,Generated/DouglasAdams.lean,divergent,44861daeeb8a96bc4df0b927ee7ba3aa78fc5586fd9d12dacb0e22e2e4634467,e177846b7dbfc903d6ea9ae66b6a2358dacf608da18f022ef9283e4b2150d52b
toe-latest-output-20260912.tar.gz,,DASHI/output-final_aristotle/RequestProject,Generated/Enriched.lean,divergent,7e491823b722daacc59a46ff31771acfd1f27ece4e2984038d71c8b69d7df39c,9d15dac8ec4b718d51644e9621fd29c5d6f62ec867eddc00c363fa08218b8373
toe-latest-output-20260912.tar.gz,,DASHI/output-final_aristotle/RequestProject,Generated/Events.lean,divergent,d64c43476376761f9979f1957fc363eb9561756eae85ed4632b102bf34ef2ab2,cf1a690c2d6c23c1a7c86c4ef5e669f484cd1f88117589c5c4254dd71b34adfe
toe-latest-output-20260912.tar.gz,,DASHI/output-final_aristotle/RequestProject,Generated/Frontier.lean,divergent,a3d45a873016cb3f0532a645d7fb72fa7a3228d11194d6ea59e3f91ab014e349,01b2d7f6252ac2b137236199efb6bd39075ab1e06fd0f410568d2c9639fd5038
toe-latest-output-20260912.tar.gz,,DASHI/output-final_aristotle/RequestProject,Generated/Frontier2.lean,divergent,ae1abd677733422983989de7789579e96e05da2aabd81403cfa8d006cc430010,0a04e54cda5ef8ed2899681281e5e46cec9d4dffbf7b35b05b057934deb525cf
toe-latest-output-20260912.tar.gz,,DASHI/output-final_aristotle/RequestProject,Generated/Frontier3.lean,divergent,94a9b91e93d8898a201fd7751f5265bab22045ce0294180cd25e077530ec0bb9,15c38662540bfe22091e59f1750164cd575f618127a097f17c3b8f3ae7de7d3a
toe-latest-output-20260912.tar.gz,,DASHI/output-final_aristotle/RequestProject,Generated/Frontier4.lean,divergent,5e4eb1cdc6c93fe1706e5e500f5cc81a1994b3a9ed04231dda31c8073113749d,7f4fa734301a33b1ee9ace49ffea9953d35320bfa727f3154c81231984aec04c
toe-latest-output-20260912.tar.gz,,DASHI/output-final_aristotle/RequestProject,Generated/Geography.lean,divergent,db9dfb0c66758eb9643977affad9db9605551ed3534c280c30bd8aaa5945e32d,6c16fabed0c3eaacbc4edfa60cf8d720f05db44fd07337d32c6f8a797919dbb4
toe-latest-output-20260912.tar.gz,,DASHI/output-final_aristotle/RequestProject,Generated/Glossary.lean,divergent,c5ab3415280e8f0e586400897a0633b9bb63dbe256388bb30fe9370aad88ff96,8e989495fdba59ba00627249680c63857897461cf98b0b674daf5958977ecf14
toe-latest-output-20260912.tar.gz,,DASHI/output-final_aristotle/RequestProject,Generated/KbTerms.lean,divergent,5afe7b7d56cae23f321deb1619ed2330b732a2cb99058b95913ee0c5cdc880c5,b15499e5fc205b6286b36a0b60bb3116b15fe538bb0823f4573cf7439eefb3e6
toe-latest-output-20260912.tar.gz,,DASHI/output-final_aristotle/RequestProject,Generated/KnowledgeRepresentation.lean,divergent,1940170c846f2db66ae960eedbf9b81c010e3c9fcf7ecb95bf1706e02533b3b9,43399727cc492f52b85dc580e8f5f1fca8d2e20fdb67865f9dd46bb20680429d
toe-latest-output-20260912.tar.gz,,DASHI/output-final_aristotle/RequestProject,Generated/LifeSciences.lean,divergent,38dfac184951b64b14d255ec3e16925903c82d35dd2764cc4a0e46c853274c19,93853ffc39aa7d4f3336f42fdb06cf6eb0707ff3655a84c63824adfda42ac7ec
toe-latest-output-20260912.tar.gz,,DASHI/output-final_aristotle/RequestProject,Generated/Mathematics.lean,divergent,f363fbf472f34a77800299a9e0d3be7b9b3ea2c9f35b4d8613386a640f3a38f6,eac3ce8611f619e7c66de96acfa6175d6bc23c049534221a6a4c92e7f8fc9021
toe-latest-output-20260912.tar.gz,,DASHI/output-final_aristotle/RequestProject,Generated/RelatedStructures.lean,divergent,7714c889d747533f113233a99777fd34a2262406b586fb9a695c203ceca7891a,268d344c86ee2f8103324de1d2ac48e6f29bde2c2fd6af6e5c437ef300faff0b
toe-latest-output-20260912.tar.gz,,DASHI/output-final_aristotle/RequestProject,Generated/RelatedStructures2.lean,divergent,a6383f308ff4a512f6c67a4f5eb5793cccd0075810debb38fe1792e074597236,49e71541544b1a05fef9f4876144c9fdefaa2a22d2806cb5244d7e5218eac927
toe-latest-output-20260912.tar.gz,,DASHI/output-final_aristotle/RequestProject,Generated/Science.lean,divergent,3179b26929735e68b872cba079c991d07cdcc7359c8d153d54660c35ea171978,d8489b36b571476dfa8298d793068cf62fdca9823d45f706fd9b2c6f664f2afa
toe-latest-output-20260912.tar.gz,,DASHI/output-final_aristotle/RequestProject,Generated/Society.lean,divergent,e53abde862320410b16f90d890f2c3063e3f5a709b692a5c84876db9642d408a,85817f1304697138776e99a58179defe92a32fa4fcb1b6dbbdb05972bac1d9de
toe-latest-output-20260912.tar.gz,,DASHI/output-final_aristotle/RequestProject,Generated/Structures.lean,divergent,2af2004385115c0653207f22419f9b44ebf6dc69f578df01b89af707445bed9e,adf16a5db646158334d03340c8f606e02039010793fb71cda1f912d91de67a1c
toe-latest-output-20260912.tar.gz,,DASHI/output-final_aristotle/RequestProject,Generated/Technology.lean,divergent,5a08f1c668dcdedde7a1c3dc3c34850514f67d3ec5a40ef8d5b86489e5d0b1a7,e452968222fada9f6402ba7234f44481f7a5470e498bade572707f94ec906542
toe-latest-output-20260912.tar.gz,,DASHI/output-final_aristotle/RequestProject,Generated/Theories.lean,divergent,0767f1b9b81bea041f93a404b785961e025d179658560006c0988fafa5ecd26c,eb300675a7e4c457c76f75e93b69ed3fbd89f2bf02f28d93a06b05a46bd86c62
toe-latest-output-20260912.tar.gz,,DASHI/output-final_aristotle/RequestProject,Generated/TheoryAuthority.lean,divergent,2ac6de1139062e75079b526e510f58c24302ca875eff958007ea6c553a55b3d6,3f27d1eaf4d1cbd83aaf2b73dff16579bc289191c6054faba237a17939d14d86
toe-latest-output-20260912.tar.gz,,DASHI/output-final_aristotle/RequestProject,Generated/TheorySitelinks.lean,divergent,c8bfc401b69aca3ca1acdbc3a94f81487e94bfc5603f6f3ff302a0bf359e69b9,601fd5678d2fc737d2c606a075cbcd9273c77ca6c11273c70b18ec8f2f4bc833
toe-latest-output-20260912.tar.gz,,DASHI/output-final_aristotle/RequestProject,Generated/TheorySources.lean,divergent,3c4a97936e57aff58476c325d02927e1bbed889af6459b2b2b8444ab3299b9c2,349baf84bcb72fdc23057d14d82ffbe15e63f9d47e6efa3f32d628746de3bf47
toe-latest-output-20260912.tar.gz,,DASHI/output-final_aristotle/RequestProject,Generated/UpperOntology.lean,divergent,dd567f0aa0b0e843643fe2da4904e2c689f6218e8bf38df073c9572b63df3772,f4f4063115be467b0545477fe79402065115b6d13cf45964314f952c688eca91
toe-latest-output-20260912.tar.gz,,DASHI/output-final_aristotle/RequestProject,Generated/VocabularyCorpus.lean,divergent,c20f39c02bc61d83a11de6f46ac81fe147b4fbbb179c9370ba1fa35e50688d81,cd604b318107d340f7eeb2ed40015b2f6c5a3d8a1ba646794ae59bbbfa169b66
toe-latest-output-20260912.tar.gz,,DASHI/output-final_aristotle/RequestProject,Wiki/Clean.lean,divergent,c429705be12e0c067d4742d01e9dfda193e7e3f87622934c42456fa4fc3dac1f,f523505c52cf23f0f0de8fff76886f89477a8ab371819c3483d820a473fecaa6
toe-latest-output-20260912.tar.gz,,DASHI/output-final_aristotle/RequestProject,Wiki/Generate.lean,divergent,65323ab2cd9951e3aafe42c3bec28a026b8c686e27970bbf3fcc2749a8d2db90,2ad7ec7927e719698a810fdc009ee6e25f3ba5e2e4c07f6fb03ee6b3e9a3e0a6
toe-latest-output-20260912.tar.gz,,DASHI/output-final_aristotle/RequestProject,Wiki/Pages.lean,divergent,9edb878877257d43239cb863d40a3b0db090c88ec4c8aa14d226f3949360e79d,899d4769937d8e75b78c0fafcb4b950d7365505c01bcdcb69a3f1c0e541cd539
toe-latest-output-20260912.tar.gz,,DASHI/output-final_aristotle/RequestProject,Wiki/Registry.lean,divergent,9ee6afd939083cc09e075047da12a74020f0142f6a6659f5270ca71e8b56d307,fc0981c540dfbdb24b75c4602fc0400c38362d2e09ff07c93e400b4b9c592604
toe-latest-output-20260912.tar.gz,,DASHI/output-final_aristotle/RequestProject,Wiki/Subst.lean,divergent,a2b9e9f9e3809a191e003f0c47cd13601a126a2b9239e6a1b2db0110feeea6c8,c65e7070f4514da341512f0c9ebf30394b1bd50f4d2bda4a9bfa36d020e33989
toe-latest-output-20260912.tar.gz,,DASHI/output-final_aristotle/RequestProject,Wiki/Syntax.lean,divergent,9503243ab563fb812da927390ad1b88a579464b98dc5e9abfd19c69e4f4569a0,42f0e6cb097b7aa68e623fb4bb47ebaf9be7a978798560011e4efac90547829a
toe-latest-output-20260912.tar.gz,,DASHI/output-final_aristotle/RequestProject,Wiki/Template.lean,divergent,d1082ff26dbbc142fd8f78b690feced0515418e95ed962692a4b834c038e4493,1f929b4d50911f1d54e1a9a3688c31b1e9c646d29152573b7d2a811ba5f73862
toe-latest-output-20260912.tar.gz,,DASHI/output-final_aristotle/RequestProject,Wiki/Text.lean,divergent,16e3ac39dbd1407322bac3c7e975272374e22adabf674f2d7b5c172dfb2209d2,e8f98a3eabbadb705d80d1289b96e7154a66c22062ad21eae11dba177c9053c9
toe-latest-output-20260912.tar.gz,,DASHI/output-final_aristotle/RequestProject,Main.lean,divergent,431a616e3f48df2f2f5c0b8fc4c0a6d5e02ecac9b7d1b57c0ce9377ba160bc64,6a315734d4709accebc60060bca8c35a7c2b9a9b8561bacd6a3962d0e13f86ee
toe-latest-output-20260912.tar.gz,,DASHI/output-final_aristotle/RequestProject,SpectralClosure.lean,divergent,5a45ffe3b76a73ea46bd6a2d6eeae0b36c1b2bab3e4cf5ae805f2cb0eabf03c1,bc8f84084203fced56d5eb053de489a744cf2d4d60e59397735ca5a58f766bb1
toe-latest-output-20260912.tar.gz,DASHI all-TOE cutset — 2026-08-21,Spine,README.md,divergent,dcad977f49381ee7cf7eab6df71061fc63ce99e17cf9ed360ab671cff5efad5d,d074bb6c498d028d5f74cd24e0d1856d6568ac1bc8e318f6c3df1d55aa7d50ab
toe-latest-output-20260912.tar.gz,DASHI all-TOE cutset — 2026-08-21,DASHI/output-final_aristotle/RequestProject,.gitkeep,staged_only,e3b0c44298fc1c149afbf4c8996fb92427ae41e4649b934ca495991b7852b855,
