lane,structure_key,agda_owner,lean_carrier,lean_adapter,lean_consumer,hypotheses,status_class,status_detail,provenance,supersedes,open_payments
"Integration.Lineage.Lane.navierStokes","rate-block-schur-kernel","DASHI.Physics.Closure.NSTriadKNRawCurlFibreGramLedgerRound180Exact","Spine.RateBlockSchur","ClayNS.SpineAdapter.sum_resForm_le_blockMultiplicity_ofSpine","ClayNS.Schur.GramOperatorBound","DyadicRateBlocks lam modes blk; BlockMultiplicity modes blk m; 0 < nu; wsq p ≠ 0 on modes","conditional-compiler","ClayNS.SpineAdapter.gramOperatorBound_of_rateBlockMultiplicity_ofSpine | DyadicRateBlocks; BlockMultiplicity; 0 < nu; wsq ≠ 0","Integration.ProvenanceId.Scheme.agdaModule:DASHI.Physics.Closure.NSTriadKNRawCurlFibreGramLedgerRound180Exact; Integration.ProvenanceId.Scheme.leanModule:RequestProject.NavierStokes.SpineRateBlockAdapter","RequestProject.NavierStokes.RateBlockGramBound (private copy of the kernel)","truncation-uniform constant must come from signed Gram cancellation"
"Integration.Lineage.Lane.navierStokes","euclidean-pi-carrier","","Spine.RateBlockSchurPiCarrier","Welds.NSRateBlockPi.herm_eq_hermPi","ClayNS.Schur.GramOperatorBound","","proved-theorem","Welds.NSRateBlockPi.ns_herm_eq_euclidean_inner","Integration.ProvenanceId.Scheme.leanModule:Spine.RateBlockSchurPiCarrier; Integration.ProvenanceId.Scheme.leanModule:Welds.NSRateBlockPiWeld","the `Fin 3 → ℂ` sup-norm carrier mismatch recorded in SpineRateBlockAdapter",""
"Integration.Lineage.Lane.navierStokes","gram-consumer-from-pair-estimate","","Welds.NSRateBlockPi.gramOperatorBound_of_pair_estimate","Welds.NSRateBlockPi.gramOperatorBound_viaPiCarrier","ClayNS.Schur.GramOperatorBound","the rate-block pair estimate at lam = viscousPairRate; 0 < nu; wsq p ≠ 0 on modes","conditional-compiler","Welds.NSRateBlockPi.gramOperatorBound_viaPiCarrier | pair estimate; 0 < nu; wsq ≠ 0","Integration.ProvenanceId.Scheme.leanModule:Welds.NSRateBlockPiWeld","two inline copies of the viscous-rate massaging",""
"Integration.Lineage.Lane.navierStokes","gram-ledger-two-presentations","DASHI.Physics.Closure.NSTriadKNPartnerBlockGramLedgerRound181Exact","Spine.GramLedger","","Spine.GramLedger (list recursion ≡ Finset double sum)","real inner-product space","proved-theorem","Spine.GramLedger.gramList_eq_gramSum","Integration.ProvenanceId.Scheme.agdaModule:DASHI.Physics.Closure.NSTriadKNPartnerBlockGramLedgerRound181Exact","",""
"Integration.Lineage.Lane.navierStokes","slot-kernel-anti-parallel","DASHI.Physics.Closure.NSTriadKNAntiParallelHelicitySlotKernelRound145Exact","RequestProject.NavierStokes.SlotKernelAntiParallel","","RequestProject.NavierStokes.TransverseFrameSplit","anti-parallel helicity slot geometry","conditional-compiler","RequestProject.NavierStokes.SlotKernelAntiParallel | slot geometry hypotheses of the module","Integration.ProvenanceId.Scheme.agdaModule:DASHI.Physics.Closure.NSTriadKNAntiParallelHelicitySlotKernelRound145Exact","","R145 intra-shell L² aggregation"
"Integration.Lineage.Lane.navierStokes","nested-slot-class-norm-payment-584","DASHI.Physics.Closure.NSTriadKNNestedSlotBonyClassNormBidiRound584Exact","","","","","false-pinned","round584AnyLiveNestedSlotClassNormPaymentConstructed = false","Integration.ProvenanceId.Scheme.agdaModule:DASHI.Physics.Closure.NSTriadKNNestedSlotBonyClassNormBidiRound584Exact","","nested-slot class-norm payment; outer weight / spectator spacetime seam; round584ClayPromotion = false"
"Integration.Lineage.Lane.navierStokes","clay-terminal-cutset-504","DASHI.Physics.Closure.NSTriadKNLiteralR406ClayTerminalCutsetRound504Exact","","","","","false-pinned","round504ClayPromotion = false","Integration.ProvenanceId.Scheme.agdaModule:DASHI.Physics.Closure.NSTriadKNLiteralR406ClayTerminalCutsetRound504Exact","","round504SignedCrossPaymentClosed = false; round504CriticalProductionSliceClosed = false"
"Integration.Lineage.Lane.navierStokes","centered-partner-difference-route","DASHI.Physics.Closure.NSTriadKNCenteredPartnerDifferenceAdapterExact","","","","","open-payment","no Lean carrier: centered partner-difference route not transported","Integration.ProvenanceId.Scheme.agdaModule:DASHI.Physics.Closure.NSTriadKNCenteredPartnerDifferenceAdapterExact; Integration.ProvenanceId.Scheme.agdaModule:DASHI.Physics.Closure.NSTriadKNCenteredPartnerSlotDefectExact","","centered partner-difference slot-defect transport to a Lean carrier"
"Integration.Lineage.Lane.navierStokes","gronwall-comparison","","Spine.GronwallComparison","","Spine.GronwallComparison.le_div_radius_of_deriv_le","differentiable comparison function; derivative inequality","conditional-compiler","Spine.GronwallComparison.le_div_radius_of_deriv_le | deriv ≤ hypothesis","Integration.ProvenanceId.Scheme.leanModule:Spine.GronwallComparison","the historical DASHI enstrophy/BKM chain (ns1_enstrophy_passage)",""
"Integration.Lineage.Lane.navierStokes","gram-profile-consumer-factorisation","","Proposed.FibreRoutingProjectionAdapter","RequestProject.NavierStokes.GramConsumerFactorisation","ClayNS.Schur.GramOperatorBound","the consumer reads only the signed Gram profile","conditional-compiler","RequestProject.NavierStokes.GramConsumerFactorisation | consumer reads the Gram profile only","Integration.ProvenanceId.Scheme.leanModule:Proposed.FibreRoutingProjectionAdapter","","masses alone provably cannot pay the consumer (retained no-go)"
"Integration.Lineage.Lane.yangMills","ym-clay-promotion","DASHI.Physics.YangMills (Balaban round owners)","AgdaMirror.Physics.YangMills.YMSourceAuthoritySurface","","AgdaMirror.Physics.YangMills.ProofTargetSurface","","false-pinned","clayYangMillsPromoted = false","Integration.ProvenanceId.Scheme.leanModule:AgdaMirror.Physics.YangMills.YMSourceAuthoritySurface","","continuum construction; mass gap; one-sided Hessian obligations"
"Integration.Lineage.Lane.yangMills","ym-quantitative-clustering","DASHI.Physics.YangMills.BalabanClayDirectQuantitativeClusteringRound274Exact","","","DASHI.Physics.YangMills.BalabanClayCanonicalMassGapConsumerRound270Exact","","open-payment","quantitative clustering → mass gap chain has no Lean carrier","Integration.ProvenanceId.Scheme.agdaModule:DASHI.Physics.YangMills.BalabanClayDirectQuantitativeClusteringRound274Exact; Integration.ProvenanceId.Scheme.agdaModule:DASHI.Physics.YangMills.BalabanPairwiseClusteringStandardMassGapRound305Exact","","CMP98/CMP109/CMP116 source-object binding; Path 13 vs Path 4 selection"
"Integration.Lineage.Lane.riemannHypothesis","taper-second-moment","DASHI.Analysis.RiemannG2FinalNearLiteralKernelExact","Spine.RiemannBridge","","Spine.RiemannBridge.taper_cosh_excess_ge","plateau taper hypotheses of the module","conditional-compiler","Spine.RiemannBridge.plateau_second_moment_ge | taper plateau hypotheses","Integration.ProvenanceId.Scheme.agdaModule:DASHI.Analysis.RiemannG2FinalNearLiteralKernelExact","","explicit-cutoff near/far transport onto the Agda carrier"
"Integration.Lineage.Lane.riemannHypothesis","rh-statement","DASHI.Interop.CrossLaneProofArchaeologyLedgerExact (rhRouter)","","","","","conjectural","RH remains unproved; the Agda Lean-return receipt is provenance","Integration.ProvenanceId.Scheme.agdaModule:DASHI.Interop.CrossLaneProofArchaeologyLedgerExact","","signed finite near payment; same-taper Gamma precision"
"Integration.Lineage.Lane.monsterMoonshine","monster-order-factorisation","DASHI.Moonshine (Monster order owners)","Synthesis.MonsterOrder","","Spine.JMD.MonsterMoonshine","","proved-theorem","Synthesis.MonsterOrder.monsterOrderNumeral_primeFactors","Integration.ProvenanceId.Scheme.leanModule:Synthesis.MonsterOrder","a `native_decide` numeral check in the JMD archive module",""
"Integration.Lineage.Lane.monsterMoonshine","character-determines-simple","DASHI.Moonshine.Monster3BFiniteStoneVonNeumannWitnessFrontierCorrectionExact","Synthesis.MonsterCharacterDetermination","","Synthesis.MonsterCharacterMultiplicityRegression","algebraically closed field; finite group with invertible order; simple finite-dimensional representations","conditional-compiler","Synthesis.nonempty_iso_of_character_eq | IsAlgClosed k; Invertible (card G : k); Simple V; Simple W","Integration.ProvenanceId.Scheme.leanModule:Synthesis.MonsterCharacterDetermination","","no Monster-specific same-object identification is made"
"Integration.Lineage.Lane.cuisine","declared-carrier-exhaustiveness","DASHI.Culture.Cuisine.CuisineKnowledgeSourceAtlas","Integration.DeclaredCarrier","Cuisine.SourceAtlas","Cuisine.SourceAtlas.sourceCount_eq_22","the enumeration is exhaustive of the declared carrier","proved-theorem","Cuisine.SourceAtlas.sourceIds_nodup","Integration.ProvenanceId.Scheme.agdaModule:DASHI.Culture.Cuisine.CuisineKnowledgeSourceAtlas","",""
"Integration.Lineage.Lane.cuisine","publication-fail-closed","DASHI.Culture.Cuisine.ControlledSuccessCore","Cuisine.Publication","","Cuisine.Publication.TightAssessment.abstains_of_any_component_high","the join law on overallRisk","proved-theorem","Cuisine.Publication.publish_iff_low","Integration.ProvenanceId.Scheme.agdaModule:DASHI.Culture.Cuisine.ControlledSuccessCore","the LooseAssessment record, whose overallRisk field is unconstrained",""
"Integration.Lineage.Lane.cuisine","channel-dependent-provenance","DASHI.Culture.Cuisine.ProvenanceRoutingBridge","Cuisine.Provenance","","Cuisine.Provenance.no_source_determined_channel","","no-go","Cuisine.Provenance.no_source_determined_channel","Integration.ProvenanceId.Scheme.agdaModule:DASHI.Culture.Cuisine.ProvenanceRoutingBridge","",""
"Integration.Lineage.Lane.chemistry","reachability-closure","DASHI.Chemistry (reachability flag owners)","Integration.ReachabilityBarrier","Welds.ReachabilityCarrier.ofStep","Integration.ChemistryReachability.reachB","finite vertex type; Bool-valued step relation","proved-theorem","Welds.ReachabilityCarrier.reachable_ofStep_iff_reflTransGen","Integration.ProvenanceId.Scheme.leanModule:Welds.ReachabilityCarrierWeld","the lane-local `Relation.ReflTransGen (stepRel step)` encoding",""
"Integration.Lineage.Lane.cognition","language-indexed-reachability","DASHI.Cognition (action-language owners)","Integration.ReachabilityBarrier","Integration.LanguageReachability.restrict","Integration.LanguageReachability.barrier_report","a declared action language","proved-theorem","Integration.LanguageReachability.reachableIn_mono","Integration.ProvenanceId.Scheme.leanModule:Integration.LanguageReachability","",""
"Integration.Lineage.Lane.provenanceMeta","identifier-authority-firewall","DASHI.Interop.CrossLaneProofArchaeologyLedgerExact (IbrahimPolicy)","Integration.ProvenanceIdentifier","Integration.Lineage.ledger","Integration.Lineage.ledger_status_not_a_function_of_provenance","","proved-theorem","Integration.ProvenanceId.provenance_does_not_determine_status","Integration.ProvenanceId.Scheme.agdaModule:DASHI.Interop.CrossLaneProofArchaeologyLedgerExact","the Bool pins sourceIdentityCoordinateOnly / qidCoordinateOnly / deweyCoordinateOnly",""
"Integration.Lineage.Lane.provenanceMeta","attributed-source-non-promotion","DASHI.Core.AttributedSourceCore","Integration.ProvenanceIdentifier","Cuisine.SourceAtlas","Cuisine.SourceAtlas.citationCreatesAuthority_eq_false","","proved-theorem","Integration.ProvenanceId.receipt_without_provenance","Integration.ProvenanceId.Scheme.agdaModule:DASHI.Core.AttributedSourceCore","",""
