Q42989	afwiki	Topologie
Q42989	anwiki	Topolochía
Q42989	arwiki	طوبولوجيا
Q42989	arzwiki	طوبولوجيا
Q42989	astwiki	Topoloxía
Q42989	azwiki	Topologiya
Q42989	azwikibooks	Topologiya
Q42989	bawiki	Топология
Q42989	bclwiki	Topolohiya
Q42989	be_x_oldwiki	Тапалёгія
Q42989	bewiki	Тапалогія
Q42989	bgwiki	Топология
Q42989	bnwiki	টপোগণিত
Q42989	bowiki	ཐོ་ཕུ་རིག་པ།
Q42989	bswiki	Topologija
Q42989	cawiki	Topologia
Q42989	ckbwiki	تۆپۆلۆژی
Q42989	commonswiki	Topology
Q42989	cswiki	Topologie
Q42989	cvwiki	Топологи
Q42989	cywiki	Topoleg
Q42989	dawiki	Topologi
Q42989	dewiki	Topologie (Mathematik)
Q42989	dewikibooks	Mathematik: Topologie
Q42989	elwiki	Τοπολογία
Q42989	enwiki	Topology
Q42989	enwikibooks	Topology
Q42989	enwikiquote	Topology
Q42989	enwikiversity	Topology
Q42989	eowiki	Topologio
Q42989	eswiki	Topología
Q42989	eswikiversity	Área de topología
Q42989	etwiki	Topoloogia
Q42989	euwiki	Topologia
Q42989	fawiki	توپولوژی
Q42989	fiwiki	Topologia (matematiikka)
Q42989	fjwiki	Topoloji
Q42989	frrwiki	Topologii (Matematiik)
Q42989	frwiki	Topologie
Q42989	frwikibooks	Topologie
Q42989	frwikiversity	Topologie
Q42989	furwiki	Topologjie
Q42989	ganwiki	拓撲學
Q42989	gawiki	Toipeolaíocht
Q42989	gcrwiki	Topoloji
Q42989	glwiki	Topoloxía
Q42989	hewiki	טופולוגיה
Q42989	hiwiki	संस्थितिविज्ञान
Q42989	hrwiki	Topologija
Q42989	htwiki	Topoloji
Q42989	huwiki	Topológia
Q42989	hywiki	Տոպոլոգիա
Q42989	iawiki	Topologia (branca de mathematica)
Q42989	idwiki	Topologi
Q42989	iowiki	Topologio
Q42989	iswiki	Grannfræði
Q42989	itwiki	Topologia
Q42989	itwikiversity	Materia:Topologia
Q42989	jamwiki	Tapalaji
Q42989	jawiki	位相幾何学
Q42989	jawikibooks	位相幾何学
Q42989	kaawiki	Topologiya
Q42989	kawiki	ტოპოლოგია
Q42989	kkwiki	Топология
Q42989	kmwiki	តូប៉ូវិទ្យា
Q42989	knwiki	ಸಂಸ್ಥಿತಿವಿಜ್ಞಾನ
Q42989	kowiki	위상수학
Q42989	kowikiversity	위상수학
Q42989	kywiki	Топология
Q42989	lawiki	Topologia
Q42989	lbwiki	Topologie
Q42989	lezwiki	Топология
Q42989	lfnwiki	Topolojia
Q42989	ltwiki	Topologija
Q42989	lvwiki	Topoloģija
Q42989	madwiki	Topologi
Q42989	mhrwiki	Топологий
Q42989	mkwiki	Топологија
Q42989	mnwiki	Топологи
Q42989	mswiki	Topologi
Q42989	mywiki	တိုပေါ်လော်ဂျီ
Q42989	nlwiki	Topologie
Q42989	nnwiki	Topologi
Q42989	novwiki	Topologia
Q42989	nowiki	Topologi
Q42989	ocwiki	Topologia
Q42989	pawiki	ਟੌਪੌਲੌਜੀ
Q42989	plwiki	Topologia
Q42989	plwikibooks	Topologia ogólna
Q42989	pmswiki	Topologìa
Q42989	pnbwiki	ٹوپولوجی
Q42989	ptwiki	Topologia (matemática)
Q42989	rkiwiki	တိုပေါ်လော်ဂျီ
Q42989	rowiki	Topologie
Q42989	ruwiki	Топология
Q42989	scnwiki	Topoluggìa
Q42989	shwiki	Topologija
Q42989	simplewiki	Topology
Q42989	siwiki	ස්ථල විද්‍යාව
Q42989	skwiki	Topológia
Q42989	slwiki	Topologija
Q42989	sqwiki	Topologjia
Q42989	srwiki	Топологија
Q42989	svwiki	Topologi
Q42989	svwikibooks	Topologi
Q42989	swwiki	Topolojia
Q42989	tawiki	இடவியல்
Q42989	tgwiki	Топология
Q42989	thwiki	ทอพอโลยี
Q42989	tkwiki	Topologiýa
Q42989	tlwiki	Topolohiya
Q42989	trwiki	Topoloji
Q42989	trwikibooks	Topoloji
Q42989	ukwiki	Топологія
Q42989	ukwikiquote	Топологія
Q42989	urwiki	وضعیت
Q42989	uzwiki	Topologiya
Q42989	viwiki	Tô pô
Q42989	warwiki	Topolohiya
Q42989	wuuwiki	拓扑学
Q42989	xalwiki	Тополоҗик
Q42989	yiwiki	טאפאלאגיע
Q42989	zh_classicalwiki	拓撲學
Q42989	zh_yuewiki	拓撲學
Q42989	zhwiki	拓扑学
Q42989	zhwikiversity	Subject:拓扑学
Q1062242	dewiki	Grothendieck-Topologie
Q1062242	enwiki	Grothendieck topology
Q1062242	eswiki	Topología de Grothendieck
Q1062242	frwiki	Site (mathématiques)
Q1062242	jawiki	グロタンディーク位相
Q1062242	kowiki	그로텐디크 위상
Q1062242	mywiki	ဂရိုသန်ဒိခ် တိုပေါ်လော်ဂျီ
Q1062242	ruwiki	Топология Гротендика
Q1062242	svwiki	Plats
Q1062242	zhwiki	格罗滕迪克拓扑
Q5891840	commonswiki	Category:Homotopy type theory
Q5891840	dewiki	Homotopietypentheorie
Q5891840	enwiki	Homotopy type theory
Q5891840	eswiki	Teoría homotópica de tipos
Q5891840	frwiki	Théorie homotopique des types
Q5891840	ruwiki	Гомотопическая теория типов
Q5891840	viwiki	Lý thuyết hình thái đồng luân
Q5891840	zhwiki	同伦类型论
Q139761564	enwiki	Cubical type theory
Q217413	arwiki	نظرية الفئات
Q217413	astwiki	Teoría de categoríes
Q217413	bgwiki	Теория на категориите
Q217413	bnwiki	ক্যাটাগরি তত্ত্ব
Q217413	cawiki	Teoria de categories
Q217413	cswiki	Teorie kategorií
Q217413	cvwiki	Категорисен теорийĕ
Q217413	cywiki	Theori categori
Q217413	dawiki	Kategoriteori
Q217413	dewiki	Kategorientheorie
Q217413	elwiki	Θεωρία κατηγοριών
Q217413	enwiki	Category theory
Q217413	enwikibooks	Abstract Algebra/Category theory
Q217413	enwikiquote	Category theory
Q217413	enwikiversity	Category theory
Q217413	eowiki	Teorio de kategorioj
Q217413	eswiki	Teoría de categorías
Q217413	etwiki	Kategooriateooria
Q217413	euwiki	Kategorien teoria
Q217413	fawiki	نظریه رسته‌ها
Q217413	fiwiki	Kategoriateoria
Q217413	frwiki	Théorie des catégories
Q217413	glwiki	Teoría das categorías
Q217413	hewiki	תורת הקטגוריות
Q217413	hrwiki	Teorija kategorija
Q217413	huwiki	Kategóriaelmélet
Q217413	hywiki	Կատեգորիաների տեսություն
Q217413	idwiki	Teori kategori
Q217413	iswiki	Ríkjafræði
Q217413	itwiki	Teoria delle categorie
Q217413	jawiki	圏論
Q217413	kawiki	კატეგორიათა თეორია
Q217413	kowiki	범주론
Q217413	lawiki	Theoria categoriarum
Q217413	mswiki	Teori kategori
Q217413	mywiki	ကတ်တဂိုရီသီအိုရီ
Q217413	nlwiki	Categorietheorie (wiskunde)
Q217413	plwiki	Teoria kategorii
Q217413	ptwiki	Teoria das categorias
Q217413	rowiki	Teoria categoriilor
Q217413	ruwiki	Теория категорий
Q217413	shwiki	Teorija kategorija
Q217413	simplewiki	Category theory
Q217413	slwiki	Teorija kategorij
Q217413	srwiki	Теорија категорија
Q217413	svwiki	Kategoriteori
Q217413	thwiki	ทฤษฎีแคทิกอรี
Q217413	tlwiki	Teorya ng kategorya
Q217413	trwiki	Kategori teorisi
Q217413	ukwiki	Теорія категорій
Q217413	urwiki	نظریہ زمرہ
Q217413	viwiki	Lý thuyết phạm trù
Q217413	zh_yuewiki	範疇論
Q217413	zhwiki	范畴论
Q903820	arwiki	نظرية الحقول (الرياضيات)
Q903820	astwiki	Teoría de cuerpos
Q903820	bawiki	Яландар теорияһы
Q903820	bgwiki	Теория на полетата
Q903820	cawiki	Teoria de cossos
Q903820	cvwiki	Уйсен теорийĕ
Q903820	enwiki	Field theory (mathematics)
Q903820	enwikibooks	Field Theory
Q903820	eowiki	Kampo-teorio (matematiko)
Q903820	eswiki	Teoría de cuerpos
Q903820	euwiki	Gorputzen teoria
Q903820	glwiki	Teoría de corpos
Q903820	huwiki	Testelmélet
Q903820	itwiki	Teoria dei campi (matematica)
Q903820	jawiki	体論
Q903820	jawikibooks	体論
Q903820	kkwiki	Өрістер теориясы
Q903820	kowiki	체론
Q903820	ltwiki	Lauko teorija (matematika)
Q903820	plwiki	Teoria ciał
Q903820	ptwiki	Teoria dos corpos
Q903820	ruwiki	Теория полей
Q903820	slwiki	Teorija obsegov
Q903820	srwiki	Teorija polja (matematika)
Q903820	ukwiki	Теорія полів
Q903820	urwiki	نظریۂ میدان (ریاضی)
Q903820	zh_yuewiki	場論
Q903820	zhwiki	域論
Q874429	anwiki	Teoría de grupos
Q874429	arwiki	نظرية الزمر
Q874429	arzwiki	نظرية المجموعه
Q874429	astwiki	Teoría de grupos
Q874429	azwiki	Qrup nəzəriyyəsi
Q874429	bat_smgwiki	Gropiu teuorėjė
Q874429	bawiki	Төркөмдәр теорияһы
Q874429	be_x_oldwiki	Тэорыя групаў
Q874429	bewiki	Тэорыя груп
Q874429	bgwiki	Теория на групите
Q874429	brwiki	Damkaniezh ar strolloù
Q874429	bswiki	Teorija grupa
Q874429	cawiki	Teoria de grups
Q874429	ckbwiki	تیۆریی گرووپ
Q874429	cswiki	Teorie grup
Q874429	cvwiki	Ушкăнсен теорийĕ
Q874429	cywiki	Damcaniaeth grwpiau
Q874429	dawiki	Gruppeteori (matematik)
Q874429	dewiki	Gruppentheorie
Q874429	elwiki	Θεωρία ομάδων
Q874429	enwiki	Group theory
Q874429	enwikibooks	Group Theory
Q874429	enwikiquote	Group theory
Q874429	enwikiversity	Group theory
Q874429	eowiki	Grupo-teorio
Q874429	eswiki	Teoría de grupos
Q874429	eswikibooks	Matemáticas/Teoría de grupos
Q874429	euwiki	Talde-teoria
Q874429	fawiki	نظریه گروه‌ها
Q874429	fiwiki	Ryhmäteoria
Q874429	frwiki	Théorie des groupes
Q874429	frwikiversity	Théorie des groupes
Q874429	furwiki	Teorie dai grups
Q874429	glwiki	Teoría de grupos
Q874429	hewiki	תורת החבורות
Q874429	hiwiki	समूह सिद्धांत
Q874429	huwiki	Csoportelmélet
Q874429	iawiki	Theoria de gruppos
Q874429	idwiki	Teori grup
Q874429	itwiki	Teoria dei gruppi
Q874429	jawiki	群論
Q874429	jawikibooks	有限群論序論
Q874429	kawiki	ჯგუფთა თეორია
Q874429	kowiki	군론
Q874429	lawiki	Theoria gregum
Q874429	lvwiki	Grupu teorija
Q874429	mswiki	Teori kumpulan
Q874429	newwiki	ग्रुप सिद्धान्त
Q874429	nlwiki	Groepentheorie
Q874429	nlwikibooks	Abstracte algebra/Groepentheorie
Q874429	nnwiki	Gruppeteori
Q874429	nowiki	Gruppeteori
Q874429	pawiki	ਗਰੁੱਪ ਥਿਊਰੀ
Q874429	plwiki	Teoria grup
Q874429	pmswiki	Teorìa dij grup
Q874429	pnbwiki	ٹولی سوچ
Q874429	ptwiki	Teoria dos grupos
Q874429	rowiki	Teoria grupurilor
Q874429	ruewiki	Теорія ґруп
Q874429	ruwiki	Теория групп
Q874429	sawiki	बीजगणिते समूहसिद्धान्त
Q874429	scowiki	Group theory
Q874429	shwiki	Teorija grupa
Q874429	simplewiki	Group theory
Q874429	skwiki	Teória grúp
Q874429	slwiki	Teorija grup
Q874429	sqwiki	Teoria e grupeve
Q874429	srwiki	Теорија група
Q874429	svwiki	Gruppteori
Q874429	tawiki	குலக் கோட்பாடு
Q874429	thwiki	ทฤษฎีกรุป
Q874429	tlwiki	Teorya ng grupo
Q874429	trwiki	Grup teorisi
Q874429	ukwiki	Теорія груп
Q874429	ukwikiquote	Теорія груп
Q874429	urwiki	نظریۂ گروہ
Q874429	viwiki	Lý thuyết nhóm
Q874429	warwiki	Teyorya grupo
Q874429	wuuwiki	群论
Q874429	yiwiki	גרופע טעאריע
Q874429	zh_classicalwiki	群論
Q874429	zh_min_nanwiki	Kûn-lūn
Q874429	zh_yuewiki	羣論
Q874429	zhwiki	群论
