path,module,sha256,lines,bytes,n_imports,n_decls,n_theorems,n_defs,n_structures,sorry,admit,axiom_decls,native_decide,print_axioms
ARISTOTLE_SUMMARY.md,,cb24e3db89ed3c25ec66511860d49eae1060357e2dd90237c5b4d8fab32fa187,842,139862,0,0,0,0,0,0,0,0,0,0
DASHI/Papers/NavierStokes/ClayCarrierVacuityAudit.agda,,a97a8b38a12d64972f57a0e6e169f3b23ccd7863bd9441bafe332c170d86a986,90,3715,0,0,0,0,0,0,0,0,0,0
Provenance/toe-overlay-20260912/donor-version/agda/DASHI/Reasoning/Everything.agda,,828182dbdcc0ee31380205c85d6aea5210c0293faffb56bb479612c36c8231a8,122,7486,0,0,0,0,0,0,0,0,0,0
Provenance/toe-overlay-20260912/donor-version/lean/AgdaMirror/LoomRelationAlgebra.lean,Provenance.toe-overlay-20260912.donor-version.lean.AgdaMirror.LoomRelationAlgebra,0bfeb3380afc949f0f0ced5fbb36179822cccd882507b2556833dbaf5050e3d9,246,11061,1,21,7,7,7,0,0,0,0,0
Provenance/toe-overlay-20260912/donor-version/lean/AgdaMirror/MoonshineEarn.lean,Provenance.toe-overlay-20260912.donor-version.lean.AgdaMirror.MoonshineEarn,f29cc2de0d9bdb0f6a0e5f062e16103cea86aefe6a0cdb045b7e9abe3ef8f8c9,113,4650,0,40,39,1,0,0,0,0,0,0
Provenance/toe-overlay-20260912/donor-version/lean/Integration.lean,Provenance.toe-overlay-20260912.donor-version.lean.Integration,f8e691c0ab41be5ffa6a0416289421885fd5ba359c376d3b555f4db10d9228fe,934,61039,217,0,0,0,0,0,0,0,0,0
Provenance/toe-overlay-20260912/donor-version/lean/Integration/AxiomAudit.lean,Provenance.toe-overlay-20260912.donor-version.lean.Integration.AxiomAudit,62b5a89c15bb3004ffaa62ac054e957fda4e4c045c1348104a6ebf06139ea092,1545,95660,102,0,0,0,0,0,0,0,0,1176
Provenance/toe-overlay-20260912/donor-version/lean/MoonshineFractran.lean,Provenance.toe-overlay-20260912.donor-version.lean.MoonshineFractran,c60c81b70ee41916b2859e4e8dddb52e6a5cb9185118585ea477399c2b89e201,61,2215,0,11,7,4,0,0,0,0,0,0
Provenance/toe-overlay-20260912/donor-version/lean/Spine.lean,Provenance.toe-overlay-20260912.donor-version.lean.Spine,496b32ab8e3fc07edeb3625208f2ace99072580386dd4edf2f29243c418fbd9a,99,5895,19,0,0,0,0,0,0,0,0,0
Provenance/toe-overlay-20260912/donor-version/lean/Spine/AxiomAudit.lean,Provenance.toe-overlay-20260912.donor-version.lean.Spine.AxiomAudit,ecce4dbaf6dce85a92b4955c64be70b4e74691e7b1568ad8d6a12bfda59b9705,121,5483,9,0,0,0,0,0,0,0,0,92
Provenance/toe-overlay-20260912/donor-version/lean/Synthesis.lean,Provenance.toe-overlay-20260912.donor-version.lean.Synthesis,11a63c4d6007a5b3de571f1c12d304e9543ddf6e6111a68be1d02a6f55198a26,90,4961,20,0,0,0,0,0,0,0,0,0
Provenance/toe-overlay-20260912/donor-version/lean/Synthesis/AxiomAudit.lean,Provenance.toe-overlay-20260912.donor-version.lean.Synthesis.AxiomAudit,18df62bbd077fa1444f5bb28a2296467b75062a7ab4ab7439167264607f65b63,72,4154,2,0,0,0,0,0,0,0,0,60
Provenance/toe-overlay-20260912/donor-version/lean/Synthesis/EndToEnd.lean,Provenance.toe-overlay-20260912.donor-version.lean.Synthesis.EndToEnd,06e936e00f804107ae624a21ba682efe67c4c457294e3802ac9f123dd0ce165e,395,22551,14,5,3,1,1,0,0,0,0,0
RequestProject/Main.lean,RequestProject.Main,929b0bddef0b781f3fb42c7a99f252dc0bda7331f698104f7075e12ff637c52d,24,563,1,0,0,0,0,0,0,0,0,0
RequestProject/NavierStokes/ActualScaleSeparatingProbe.lean,RequestProject.NavierStokes.ActualScaleSeparatingProbe,0e2404eafbdb2849443aa076bf7e0d11473915e81a96287cc38b08339969cf2c,227,11529,2,5,4,1,0,0,0,0,0,0
RequestProject/NavierStokes/AdjointCaccioppoliClosure.lean,RequestProject.NavierStokes.AdjointCaccioppoliClosure,6ac36af3093a286d9d4de846661406d12867f746d13795bd654de76704548f26,355,20163,2,6,6,0,0,0,0,0,0,0
RequestProject/NavierStokes/AdjointLocalizedIncrement.lean,RequestProject.NavierStokes.AdjointLocalizedIncrement,fc078bea823820c76418e028d2fb57a05a5017881960a249ff5742c8f991fae7,283,15212,1,6,5,1,0,0,0,0,0,0
RequestProject/NavierStokes/AlmostOrthogonalGramSchur.lean,RequestProject.NavierStokes.AlmostOrthogonalGramSchur,1002dcc79b44a7fa7ffc5e126b142444478a30a9a81c52ed72275431cb6208af,806,43934,1,24,22,2,0,0,0,0,0,0
RequestProject/NavierStokes/AncientDirectionalLevelDrop.lean,RequestProject.NavierStokes.AncientDirectionalLevelDrop,b6c0eb049463520797cf468e9dd830c9e493a35996109da4d82fd648e6a0b692,238,11636,1,15,12,3,0,0,0,0,0,0
RequestProject/NavierStokes/AncientLiouville.lean,RequestProject.NavierStokes.AncientLiouville,9f847a71e34854c88bf693b447a74ec0beeaf75927427c4813cd73d63e7eadc6,503,25622,2,24,20,3,1,0,0,0,0,0
RequestProject/NavierStokes/AncientOscillationContraction.lean,RequestProject.NavierStokes.AncientOscillationContraction,26a49de46bc9ad9210198728904b5287485c0030765c5cec0c23be0c60d038ec,367,18928,1,19,16,3,0,0,0,0,0,0
RequestProject/NavierStokes/ApproximateScaleAnchor.lean,RequestProject.NavierStokes.ApproximateScaleAnchor,832f8baf1a0fbdbba269d66c3ea72c80010858ee085c238e2cb7a4e7a2136503,231,10917,1,6,5,1,0,0,0,0,0,0
RequestProject/NavierStokes/BackwardKernelFluxDefect.lean,RequestProject.NavierStokes.BackwardKernelFluxDefect,21fd7ee0621306c3d5a9728d436723d7d4f809a060001e710ff0508a789b9c98,144,7303,2,7,6,1,0,0,0,0,0,0
RequestProject/NavierStokes/BlowupCompactness.lean,RequestProject.NavierStokes.BlowupCompactness,3534861c66795cf69d71c049cfc74290307056cdd11e9d0b06ba52f28cb7db75,234,12035,1,3,3,0,0,0,0,0,0,0
RequestProject/NavierStokes/BlowupEquicontinuousCompactness.lean,RequestProject.NavierStokes.BlowupEquicontinuousCompactness,64715cd6cd616dd792eb8ecc65ddde93d71c9e57451eb18b1a4a46d2cb734847,422,23115,1,8,6,2,0,0,0,0,0,0
RequestProject/NavierStokes/BlowupOscillation.lean,RequestProject.NavierStokes.BlowupOscillation,43c69fe137671db86299b5170628a169db57a8412f81f0a6c9b86ff2f61020dc,405,19964,1,24,21,3,0,0,0,0,0,0
RequestProject/NavierStokes/CellL2.lean,RequestProject.NavierStokes.CellL2,4c91dbe83734201f218409d7ed7314c859ada9f093e7fc0a6bcda9155e863cf0,161,7381,1,5,5,0,0,0,0,0,0,0
RequestProject/NavierStokes/CellShift.lean,RequestProject.NavierStokes.CellShift,cb19c8d231991a29e07bf4746402c1c5a6f20b8d0ce6ee3b0fa023a7a8ab04f2,137,6748,1,4,3,1,0,0,0,0,0,0
RequestProject/NavierStokes/CellVanishing.lean,RequestProject.NavierStokes.CellVanishing,60bc918793bac922efc208855dfd1b17bb1ab95800ece760fd72d43d7f577019,118,5525,1,5,5,0,0,0,0,0,0,0
RequestProject/NavierStokes/ClayPeriodic.lean,RequestProject.NavierStokes.ClayPeriodic,a0221b8e0a516001d94d439c5c366c88d1a3d4461487a82f4fe5772fa005ba0e,342,15353,1,34,18,14,2,0,0,0,0,0
RequestProject/NavierStokes/CoarseGrainedResolution.lean,RequestProject.NavierStokes.CoarseGrainedResolution,f1f0cf0a24c6b864ac598e585ce3ceaee497cbf195fe9b412a0b482659959871,183,9821,1,7,7,0,0,0,0,0,0,0
RequestProject/NavierStokes/CompactCarrierBridge.lean,RequestProject.NavierStokes.CompactCarrierBridge,4290de631d7cb6524e4c28139ce11a10720c9200b35be8488fe25815f7a3da18,456,22927,2,20,17,2,1,0,0,0,0,0
RequestProject/NavierStokes/CompactDivergence.lean,RequestProject.NavierStokes.CompactDivergence,52ef8d58c1e93dcccb1dc76f88a34eb3245df67ba06f62647866b88d5680185d,123,6467,1,3,3,0,0,0,0,0,0,0
RequestProject/NavierStokes/ConcentratedWeightNoGo.lean,RequestProject.NavierStokes.ConcentratedWeightNoGo,40be6e6cf531fe0c4c123afc331297d947cbd5ef7ce7cda67a921e3fd9210261,373,18374,4,12,10,2,0,0,0,0,0,0
RequestProject/NavierStokes/Continuation.lean,RequestProject.NavierStokes.Continuation,6b42b4a46a9d3b7d0e477ead8daf2b8239896bd646026b5fe5cee329cb6e56ea,228,11747,1,6,5,1,0,0,0,0,0,0
RequestProject/NavierStokes/CriticalElementRigidity.lean,RequestProject.NavierStokes.CriticalElementRigidity,c5c7e84dfe870da0ff862273de7ee73926730b5011d7a57b59392c184fc3e046,404,21602,1,18,17,1,0,0,0,0,0,0
RequestProject/NavierStokes/CriticalGradientMonotonicity.lean,RequestProject.NavierStokes.CriticalGradientMonotonicity,a286ad8f5f2965d5c6366df46f30065ddc8639fca3059ede4efc90fb662ddb8b,195,9705,1,10,8,2,0,0,0,0,0,0
RequestProject/NavierStokes/CriticalSimonUpgradeObligations.lean,RequestProject.NavierStokes.CriticalSimonUpgradeObligations,ba2cdc56068ff1d46a1dc7c2806327605a26d5c4662910caf7828c8b4a02cd17,89,4141,1,6,0,6,0,0,0,0,0,0
RequestProject/NavierStokes/CutoffDilationProbe.lean,RequestProject.NavierStokes.CutoffDilationProbe,1c0d40d16b3af58b2df13cf8bfcaea5f356ae4fe38e82f7c42dc59488d62c04e,198,9451,1,13,10,3,0,0,0,0,0,0
RequestProject/NavierStokes/DeGiorgiIteration.lean,RequestProject.NavierStokes.DeGiorgiIteration,30b371de292ed3455cca5133052f2cb3dc6d139537f21fdb72d2fb8beff8cc04,305,14741,1,4,4,0,0,0,0,0,0,0
RequestProject/NavierStokes/DeGiorgiOscillationAssembly.lean,RequestProject.NavierStokes.DeGiorgiOscillationAssembly,f0a960381f08d89764fdb51f0d388b1281c4c342df081b57aa64dd45d5a2bee4,413,21240,2,17,16,1,0,0,0,0,0,0
RequestProject/NavierStokes/DeGiorgiRecurrence.lean,RequestProject.NavierStokes.DeGiorgiRecurrence,fe9d58cd2b21b3afb12b866fbe938d0c0999f3d1a1b6ce6679c575d0a8c8a717,387,20830,1,19,15,4,0,0,0,0,0,0
RequestProject/NavierStokes/DilationProbeExistence.lean,RequestProject.NavierStokes.DilationProbeExistence,d068755777939965558394a0a1f389c87fcd4ad03a209f6d7ffbb4e40047992b,383,19878,2,12,11,1,0,0,0,0,0,0
RequestProject/NavierStokes/DyadicCascade.lean,RequestProject.NavierStokes.DyadicCascade,ce2f8cdac764a8e5dee3018a547cada985bb24633c080736b3c0da16710bbbec,221,10682,1,14,12,2,0,0,0,0,0,0
RequestProject/NavierStokes/DynamicDefectReduction.lean,RequestProject.NavierStokes.DynamicDefectReduction,8d407548195c28709c71f7ba6bf9114415992d871237b83b38a7c8cf72fe81a9,80,3994,1,4,3,1,0,0,0,0,0,0
RequestProject/NavierStokes/EnergyIdentity.lean,RequestProject.NavierStokes.EnergyIdentity,36180337b6a88a86da8f89ccd15f01a44a69993ba6d673a6716c984f6aea423c,264,12624,1,12,9,3,0,0,0,0,0,0
RequestProject/NavierStokes/EnergyScaleDefect.lean,RequestProject.NavierStokes.EnergyScaleDefect,8014e41d87ca049e467fc3f6270e1b1cdf3c49620695bf8f4fe6cd967c0696b4,233,11480,1,16,14,2,0,0,0,0,0,0
RequestProject/NavierStokes/EnstrophyDissipation.lean,RequestProject.NavierStokes.EnstrophyDissipation,39228833a743d980990d64f7786d012565dceb35b9c0bd7d3a882947c59efd38,224,11916,1,7,7,0,0,0,0,0,0,0
RequestProject/NavierStokes/ExactSolution.lean,RequestProject.NavierStokes.ExactSolution,1d593161f38b5924bcfd07006c234ba4bd9c1fb1119fa2313f0e40c54b7e1a11,340,14542,1,41,34,7,0,0,0,0,0,0
RequestProject/NavierStokes/ExpenditureInstantiation.lean,RequestProject.NavierStokes.ExpenditureInstantiation,de0550092503837e96e79a9a1590036a64bf9e1fb9ce34ebfded0ff66341df3b,107,5835,3,1,1,0,0,0,0,0,0,0
RequestProject/NavierStokes/ExpenditureLedger.lean,RequestProject.NavierStokes.ExpenditureLedger,af295567997785c672cac62f281605911912b4e155161b4e352f4d0916363a8c,214,10123,1,13,12,1,0,0,0,0,0,0
RequestProject/NavierStokes/FarPressureKernelExpenditure.lean,RequestProject.NavierStokes.FarPressureKernelExpenditure,11722080367466cbf1a0bd49886c1feb1f5841837a1ba682ac974278ca43370c,179,8524,1,7,6,1,0,0,0,0,0,0
RequestProject/NavierStokes/FiniteExpenditureMomentRigidity.lean,RequestProject.NavierStokes.FiniteExpenditureMomentRigidity,1a55bf31f77c28c91f3e48a93d6b5cc9daf9f1915814bb3daf557a91558b7003,79,3715,2,3,2,1,0,0,0,0,0,0
RequestProject/NavierStokes/FiniteExpenditureSmallReynoldsRigidity.lean,RequestProject.NavierStokes.FiniteExpenditureSmallReynoldsRigidity,81653d6ad2a9c6f3febcfc20bb4cf14d0d99fcdf28a021e6de6acb05978f0c99,73,3542,2,3,2,1,0,0,0,0,0,0
RequestProject/NavierStokes/FiniteProjectiveExpenditure.lean,RequestProject.NavierStokes.FiniteProjectiveExpenditure,55efc2611c1f00ab1aa9a7af35edd97f2ea170cd6528874b064965b8e060fa19,182,8589,1,5,5,0,0,0,0,0,0,0
RequestProject/NavierStokes/FrequencyAlmostMonotone.lean,RequestProject.NavierStokes.FrequencyAlmostMonotone,4ed0aeb3c999a639b468c2841d7bf4012446f75b0c8352ae1f06f82fec15d29e,213,10895,1,5,5,0,0,0,0,0,0,0
RequestProject/NavierStokes/FrequencyDoubling.lean,RequestProject.NavierStokes.FrequencyDoubling,4b21ad41abde482e8465d89648fea351c23cd4f1e6e4b65cef5ce00932a1e5ab,229,11709,2,8,7,1,0,0,0,0,0,0
RequestProject/NavierStokes/FrontierGatesAdjoint.lean,RequestProject.NavierStokes.FrontierGatesAdjoint,7c6ef9e311ded35882a25e3cf5e89fd2c84c3ead08f50044912d308a72778115,215,11617,2,7,4,3,0,0,0,0,0,0
RequestProject/NavierStokes/GalerkinExistence.lean,RequestProject.NavierStokes.GalerkinExistence,06110eb301d4272d33d66567ae35ea2b4402b3c8c7cb395efce5b0a3055a378d,502,24265,1,11,9,2,0,0,0,0,0,0
RequestProject/NavierStokes/GalerkinGramFlux.lean,RequestProject.NavierStokes.GalerkinGramFlux,2a1ef7d2bdb0fb2bf6d471549720cfaa116d9d970f07989a182df61998077137,301,17104,2,12,12,0,0,0,0,0,0,0
RequestProject/NavierStokes/GalerkinInvariants.lean,RequestProject.NavierStokes.GalerkinInvariants,184d088698b87e6fedb2825bd9ef046e3362aae6f8d84cdb64a00c3d3027f0b0,340,16180,2,19,16,3,0,0,0,0,0,0
RequestProject/NavierStokes/GalerkinStateSpace.lean,RequestProject.NavierStokes.GalerkinStateSpace,119770b89295eb9c05fb1d09e0f789c1a72e0434099e2310c6499727069249c8,202,8065,2,23,17,6,0,0,0,0,0,0
RequestProject/NavierStokes/GalerkinTruncatedField.lean,RequestProject.NavierStokes.GalerkinTruncatedField,95d99c8c9cb0ae0294b4af371f95eb9391729adf5afbfcb6bce2ffb8c4e201cb,104,4992,2,7,7,0,0,0,0,0,0,0
RequestProject/NavierStokes/GaussianAdjointCaccioppoli.lean,RequestProject.NavierStokes.GaussianAdjointCaccioppoli,d50ee8021cb843aa7bbfd07abe81f40bd6c2eac2f47ccd87888b2e15b931cca1,225,12354,2,2,2,0,0,0,0,0,0,0
RequestProject/NavierStokes/GaussianApproximateAdjoint.lean,RequestProject.NavierStokes.GaussianApproximateAdjoint,a2e3dc1e8667f8aafef6e5b6ece9b5bf3d867462edc298a7a1c0ffdcaee591ef,360,18780,2,20,17,3,0,0,0,0,0,0
RequestProject/NavierStokes/GaussianDetector.lean,RequestProject.NavierStokes.GaussianDetector,fd0f48ca75cd07b8e2d4454658a2981708c17aae59a241466f4764eb61a3947f,209,10092,1,7,6,1,0,0,0,0,0,0
RequestProject/NavierStokes/GaussianFisherInformation.lean,RequestProject.NavierStokes.GaussianFisherInformation,937822715bd7e13da723f32d9c1f2417484f8ab9b45550ea578ba8a53db35b87,152,6886,1,7,5,2,0,0,0,0,0,0
RequestProject/NavierStokes/GaussianLerayCounterexampleField.lean,RequestProject.NavierStokes.GaussianLerayCounterexampleField,a0f2b9c8d7318b46158b13d3e04e6758b1fa38f585b1cd07e2479a4e26a597c6,525,23599,1,69,52,17,0,0,0,0,0,0
RequestProject/NavierStokes/GaussianLerayCounterexamplePressure.lean,RequestProject.NavierStokes.GaussianLerayCounterexamplePressure,2f0e92610de34fabc62ff0ce70891e63ad4d1028dc9e9666d18b36e9624a02b6,383,16999,1,34,27,7,0,0,0,0,0,0
RequestProject/NavierStokes/GaussianLerayTranslationNoGo.lean,RequestProject.NavierStokes.GaussianLerayTranslationNoGo,82ad6b5ffa1b8cb8561e64644549990cbaadac32e6b7112e13d504bf87c6265d,843,42292,1,50,46,4,0,0,0,0,0,0
RequestProject/NavierStokes/GaussianLinearBudgetAudit.lean,RequestProject.NavierStokes.GaussianLinearBudgetAudit,a8cf0e9029128b455e2bb4adb6afbb1d62b673f8a9193910ecdd6c1e363a11f6,289,16605,1,4,4,0,0,0,0,0,0,0
RequestProject/NavierStokes/GaussianMarginalChannel.lean,RequestProject.NavierStokes.GaussianMarginalChannel,82e91a78a4106675d4c21366f73c9e3f19116cd8c97582fcc8839dc8466e6cfc,411,19741,1,19,13,6,0,0,0,0,0,0
RequestProject/NavierStokes/GaussianMarginalTelescope.lean,RequestProject.NavierStokes.GaussianMarginalTelescope,1f250586a870ed2bbd81e43db36be5148bec5b8830d532ea74a260b2f76ec4aa,230,10384,2,10,9,1,0,0,0,0,0,0
RequestProject/NavierStokes/GaussianMomentRigidity.lean,RequestProject.NavierStokes.GaussianMomentRigidity,0b0fcb8992c27a3f3a886ab1649c686e67577c74bcfd62a7a937301809b1f9b8,495,25395,1,11,10,1,0,0,0,0,0,0
RequestProject/NavierStokes/GaussianNearFarOptimization.lean,RequestProject.NavierStokes.GaussianNearFarOptimization,f377c5c3d331090bc0fea11842e499ed98b50527f8f98e9c5506ab908ca0998f,213,10679,1,4,4,0,0,0,0,0,0,0
RequestProject/NavierStokes/GaussianNearFarSplit.lean,RequestProject.NavierStokes.GaussianNearFarSplit,2881ee21ae2be91478fcf319cb6f8b7279525f55c94a24cc44a09dd851385449,265,13227,1,8,6,2,0,0,0,0,0,0
RequestProject/NavierStokes/GaussianOrnsteinUhlenbeck.lean,RequestProject.NavierStokes.GaussianOrnsteinUhlenbeck,1232c86ca1ee60b56c8602e7abcfd3e8602f962e49fa8d9eeefc5faa853fde7c,302,14811,1,15,12,3,0,0,0,0,0,0
RequestProject/NavierStokes/GaussianScaleGram.lean,RequestProject.NavierStokes.GaussianScaleGram,e743fe4dec19ab47567e05cfe2fec875af728070f919746c5883bd56132f9ef0,225,10749,1,13,8,5,0,0,0,0,0,0
RequestProject/NavierStokes/GaussianSimilarityInteractionClosure.lean,RequestProject.NavierStokes.GaussianSimilarityInteractionClosure,177ebe9bc9a7c5dbbc2e79cdd22683d1f4e730859a9f08c5c914b06a5c27a1b2,507,26063,2,8,8,0,0,0,0,0,0,0
RequestProject/NavierStokes/GaussianSpacetimeBudget.lean,RequestProject.NavierStokes.GaussianSpacetimeBudget,248fa80e6896f2a07477818a306dafa20d0fb69c6e7163182d4b354a7115d0e7,187,10047,1,10,6,4,0,0,0,0,0,0
RequestProject/NavierStokes/GaussianUnweighting.lean,RequestProject.NavierStokes.GaussianUnweighting,911b25c086c789af5dc620bbce8c8548afd8d0ee734732773359c2f567903587,138,6827,1,6,6,0,0,0,0,0,0,0
RequestProject/NavierStokes/GaussianWeightedAbsorption.lean,RequestProject.NavierStokes.GaussianWeightedAbsorption,63dd8da9bc6fa4251dbe06cc3ba0765797f8706e8d9f95225d1157090164b86a,498,28747,2,12,10,2,0,0,0,0,0,0
RequestProject/NavierStokes/GeneralDilationProbe.lean,RequestProject.NavierStokes.GeneralDilationProbe,d3f8ca5e7fae984d87a128277a78582b22f0593eeb1866ed41662d5afdcd8cc7,221,10801,2,14,10,4,0,0,0,0,0,0
RequestProject/NavierStokes/GlobalAssembly.lean,RequestProject.NavierStokes.GlobalAssembly,e45059f35411d15f83d6360ab21a91053ab129aa62240027ee1ec8d7cff530da,454,22862,1,29,23,5,1,0,0,0,0,0
RequestProject/NavierStokes/GlobalEnergy.lean,RequestProject.NavierStokes.GlobalEnergy,c559a24bc63abe9617b92e0164506c87e3904079f0d1928f74648989ec2323ed,528,28631,1,25,20,5,0,0,0,0,0,0
RequestProject/NavierStokes/GradientEnergyScaling.lean,RequestProject.NavierStokes.GradientEnergyScaling,df313fd434db1b655c5baaa96968287de7222a94e5b87b8b5cb8d22be8721478,100,4758,2,2,2,0,0,0,0,0,0,0
RequestProject/NavierStokes/GramConsumerFactorisation.lean,RequestProject.NavierStokes.GramConsumerFactorisation,35ea99268ee098b8d7ee60e5ada5f98fffe7d50bf068be93d959f9eeee3b5b05,177,7558,2,26,13,13,0,0,0,0,0,0
RequestProject/NavierStokes/HeadBoundedRigidityScope.lean,RequestProject.NavierStokes.HeadBoundedRigidityScope,41964a05b8634f28890126356f9a2892dd6d70378f05265f3ffd70be18bd45e0,72,3323,1,3,3,0,0,0,0,0,0,0
RequestProject/NavierStokes/IncrementConvexSubsolution.lean,RequestProject.NavierStokes.IncrementConvexSubsolution,402a43438a70246dd7d25571e1b7fe7da68e87ec5fbaf660269907c5c0da6f83,195,9836,1,5,5,0,0,0,0,0,0,0
RequestProject/NavierStokes/IncrementEnergyPeriodic.lean,RequestProject.NavierStokes.IncrementEnergyPeriodic,0c9aaeb6e0c5bc0432d10930883eb53dc94594da399abc427d2d0ea0eb37863d,399,20822,2,29,25,4,0,0,0,0,0,0
RequestProject/NavierStokes/IncrementLevelSetEnergy.lean,RequestProject.NavierStokes.IncrementLevelSetEnergy,ac34e53718d3f6964d8be6fed4a32a4194978b970b493961e8d089dd2b453010,231,12578,2,10,7,3,0,0,0,0,0,0
RequestProject/NavierStokes/IncrementLocalEnergy.lean,RequestProject.NavierStokes.IncrementLocalEnergy,8eb1d3b6776a666fd51fbc48d7fc86e2b00404af88f7ff135659df6bff678e90,527,28222,2,37,27,10,0,0,0,0,0,0
RequestProject/NavierStokes/IncrementLocalizedLevelSet.lean,RequestProject.NavierStokes.IncrementLocalizedLevelSet,d6e8dfc239586a9add2cffe1a063d4e70556b245472edc928aa027eb24986e9a,270,14781,1,5,4,1,0,0,0,0,0,0
RequestProject/NavierStokes/IncrementModulusCancellation.lean,RequestProject.NavierStokes.IncrementModulusCancellation,e15dbd97303ac188075356687831ac2d1a0b3e69dd4000df656345541e4fddc2,377,20173,1,22,18,4,0,0,0,0,0,0
RequestProject/NavierStokes/IncrementModulusGram.lean,RequestProject.NavierStokes.IncrementModulusGram,bace646d5a9b1be0543eca72912923662bda44385665ddd0b0a5d7daa3d2baa0,454,23542,1,31,25,6,0,0,0,0,0,0
RequestProject/NavierStokes/IncrementPressureAbsorption.lean,RequestProject.NavierStokes.IncrementPressureAbsorption,17d39d46088a02d9b369016f8f5256ac8c7875ca8becbdd58c346491b80f8017,417,23098,1,6,5,1,0,0,0,0,0,0
RequestProject/NavierStokes/IncrementStretchingCritical.lean,RequestProject.NavierStokes.IncrementStretchingCritical,0e611f2fe09c0eb6735b1cd5b69da322e8413fd9c98bcfd9051cf42686509e48,222,11153,2,8,6,0,0,0,0,0,0,0
RequestProject/NavierStokes/IncrementStretchingTransfer.lean,RequestProject.NavierStokes.IncrementStretchingTransfer,c83052b14dfeb6ad2e34bfe638958a036e135f6cb2d37953e036759dde7b7f76,474,26260,1,12,11,1,0,0,0,0,0,0
RequestProject/NavierStokes/Increments.lean,RequestProject.NavierStokes.Increments,33b816da70d05e3fcad688991e36b8ab9fd5ee1a90bd7c8c6eb62b907e186d57,148,6094,1,15,14,1,0,0,0,0,0,0
RequestProject/NavierStokes/KarmanHowarth.lean,RequestProject.NavierStokes.KarmanHowarth,99a8512239edca35a1c63cfc7cdaaba8dc3cbd71bf1a23ab6c7f67e2d7735684,411,22892,1,22,14,8,0,0,0,0,0,0
RequestProject/NavierStokes/KarmanHowarthCutoffError.lean,RequestProject.NavierStokes.KarmanHowarthCutoffError,a97022fc534cf71a932496b7a6d6b040ba1fb9b2049da06e64fadb1058d53428,221,10893,1,11,10,1,0,0,0,0,0,0
RequestProject/NavierStokes/KarmanHowarthPressureGauge.lean,RequestProject.NavierStokes.KarmanHowarthPressureGauge,de5b61718abec069bddebbfc8852708fb66f403f875d961d7f6388d7eaba77ed,198,10750,1,7,6,1,0,0,0,0,0,0
RequestProject/NavierStokes/LatticeRieszConvolution.lean,RequestProject.NavierStokes.LatticeRieszConvolution,23a401ed252cfcaf4aa7cf02fc36e30fd1b53fe1b40266d641f708288149a98a,406,21356,2,3,3,0,0,0,0,0,0,0
RequestProject/NavierStokes/LatticeShellCounting.lean,RequestProject.NavierStokes.LatticeShellCounting,db2ee99fad2410c8c0deff05e734bf162a105c93d53317dac9ef0e78afabef55,357,16404,1,21,19,2,0,0,0,0,0,0
RequestProject/NavierStokes/LevelAnnulusPigeonhole.lean,RequestProject.NavierStokes.LevelAnnulusPigeonhole,b54454137d234ba3b24b6bc796a07b2d1614caf950fd2ed1c50d6d422c3ad447,224,11657,1,8,7,1,0,0,0,0,0,0
RequestProject/NavierStokes/LinearSkeletonPropagation.lean,RequestProject.NavierStokes.LinearSkeletonPropagation,e598db61f24236ed9ff50c713017aa96550806cde3680a1e318cf6d0d5a0f62d,565,29057,2,42,36,6,0,0,0,0,0,0
RequestProject/NavierStokes/LocalizedPoincare.lean,RequestProject.NavierStokes.LocalizedPoincare,a6e6c9a0e97a08f59bf9e091b833f48988c95963cfc87f217b9e7092e718155f,174,8385,1,6,4,2,0,0,0,0,0,0
RequestProject/NavierStokes/ModulusCaccioppoliCell.lean,RequestProject.NavierStokes.ModulusCaccioppoliCell,f75e6d7f78dc7e570243c47adc2cf3ce3ffe51b81f50491e9ed1fb404c27916d,201,10706,1,8,7,1,0,0,0,0,0,0
RequestProject/NavierStokes/ModulusEpsCaccioppoli.lean,RequestProject.NavierStokes.ModulusEpsCaccioppoli,e0f87966fad26e72260ee209813e70bbddae046d36aacb9f0f735f55e46d0eda,427,23128,1,18,14,4,0,0,0,0,0,0
RequestProject/NavierStokes/ModulusLevelSplit.lean,RequestProject.NavierStokes.ModulusLevelSplit,35b4fcb061f1f7bb410e320bff06d9f43ee8aae9ae59a0e4cbcbd3ba849e44ce,369,20322,1,12,10,2,0,0,0,0,0,0
RequestProject/NavierStokes/ModulusOccupation.lean,RequestProject.NavierStokes.ModulusOccupation,c4665c3682fe16c997b9ad5274e19c42d7324c18a35974ed0e14b0c4712bd8f3,251,13664,2,10,9,1,0,0,0,0,0,0
RequestProject/NavierStokes/ModulusResidualLevelSelection.lean,RequestProject.NavierStokes.ModulusResidualLevelSelection,3daae98071dd843f2f2263fad49fdf39c82bcdc15ddfef5f74a0873518e38c96,142,7541,2,7,6,1,0,0,0,0,0,0
RequestProject/NavierStokes/ModulusViscousCoercivity.lean,RequestProject.NavierStokes.ModulusViscousCoercivity,9796fef57d558e3afc8be6f5146e64c6a2842b22be7f3e30175829b5f463a75f,193,9754,3,7,6,1,0,0,0,0,0,0
RequestProject/NavierStokes/OneStepDyadicNoGo.lean,RequestProject.NavierStokes.OneStepDyadicNoGo,cc3faca8e7d87989f9f527cc44f9dd2652e27da08c00ed44d24f5c8fc9d75b87,207,9755,1,15,12,3,0,0,0,0,0,0
RequestProject/NavierStokes/OpenGates.lean,RequestProject.NavierStokes.OpenGates,f9a3272c688c393da64d3c0156192a6f25f4dadfab924f4907d3ee6887fd8550,349,19471,11,24,8,14,2,0,0,0,0,0
RequestProject/NavierStokes/OperatorSchurBlockCancellation.lean,RequestProject.NavierStokes.OperatorSchurBlockCancellation,b4bc339b76af1c7ae0c512c0711c98da2d6aa6c1a022b8ad6c10f242eaaa9cad,893,47044,1,48,36,12,0,0,0,0,0,0
RequestProject/NavierStokes/ParabolicCutoffProbe.lean,RequestProject.NavierStokes.ParabolicCutoffProbe,9f4722a7d5332c6249bde77ecfdc3c5b5ecabd1c91aead2dbd9ef3dc085429bc,295,13822,1,20,16,4,0,0,0,0,0,0
RequestProject/NavierStokes/ParabolicDilationProbe.lean,RequestProject.NavierStokes.ParabolicDilationProbe,3617fec5c71ddcdb56725b4cc2cfa7f93185939e5098b661678396c32dadb707,294,14247,3,20,14,6,0,0,0,0,0,0
RequestProject/NavierStokes/ParabolicGain.lean,RequestProject.NavierStokes.ParabolicGain,5f1850b127ef00c7722b438bbfbc2c62b5be393a672e240e90cb8e9d5e4aedc0,214,11443,3,7,6,1,0,0,0,0,0,0
RequestProject/NavierStokes/ParabolicProbeExistence.lean,RequestProject.NavierStokes.ParabolicProbeExistence,30f5b19813c0b4f7de16e38d69b1b291290fcb4692e563320871852ff3fb8656,343,17374,2,15,13,2,0,0,0,0,0,0
RequestProject/NavierStokes/PeriodicBounded.lean,RequestProject.NavierStokes.PeriodicBounded,ee974bc2cfa2ec1806e13b4c8344d1c344eb4502717144057938af6ea586807b,165,7335,1,6,6,0,0,0,0,0,0,0
RequestProject/NavierStokes/PeriodicIntegral.lean,RequestProject.NavierStokes.PeriodicIntegral,63d3892b4839b6b9dc79d151a80b4d8fda86ace8299d4e6dbd8b91d52b93b9ba,299,15147,1,26,23,3,0,0,0,0,0,0
RequestProject/NavierStokes/PhysicalGaussianNearFarRelativeBound.lean,RequestProject.NavierStokes.PhysicalGaussianNearFarRelativeBound,428598eab8d782fba4be32d119676ddd593463254a45b392ef03695de36ede39,479,25969,1,14,14,0,0,0,0,0,0,0
RequestProject/NavierStokes/Poincare.lean,RequestProject.NavierStokes.Poincare,4d0341f431aae6cabc19b1adffd54e06ea052c0d8095a0289b255b07c8885023,536,27570,1,40,35,5,0,0,0,0,0,0
RequestProject/NavierStokes/PositiveParabolicEnergyProbe.lean,RequestProject.NavierStokes.PositiveParabolicEnergyProbe,a5485b6d3c446e173efb3fdf5d01ad8483ff049ee63447c01f9db672043a3027,345,17164,2,12,11,1,0,0,0,0,0,0
RequestProject/NavierStokes/PositiveParabolicEnergyScaleProbe.lean,RequestProject.NavierStokes.PositiveParabolicEnergyScaleProbe,db59fa150c70830349b26346f35af39f2437c210110573aca31441027922b5eb,226,11611,2,7,6,1,0,0,0,0,0,0
RequestProject/NavierStokes/PressureL2Oscillation.lean,RequestProject.NavierStokes.PressureL2Oscillation,572b2123e3e8831b60a2f402a656f00b440693d869d405705c8f6d4fb046e966,406,21651,1,16,14,2,0,0,0,0,0,0
RequestProject/NavierStokes/PressurePoisson.lean,RequestProject.NavierStokes.PressurePoisson,fc3003d4e2143aaf99e02d38ad74476f975987ffa87b6ee863b84225af48645b,383,19073,1,22,21,1,0,0,0,0,0,0
RequestProject/NavierStokes/QuadraticParabolicProbe.lean,RequestProject.NavierStokes.QuadraticParabolicProbe,90ac07d9f32c0a18053597b0d61de66cd053d24d2a6d360997f4b3e48ba2029e,425,22180,1,20,15,5,0,0,0,0,0,0
RequestProject/NavierStokes/RadialProbeLift.lean,RequestProject.NavierStokes.RadialProbeLift,bbbf2fd46726b90ecf39bdc1dbf78d5c3744ae05c2be71214fe3304d55f60567,268,13118,2,15,13,2,0,0,0,0,0,0
RequestProject/NavierStokes/RateBlockGramBound.lean,RequestProject.NavierStokes.RateBlockGramBound,e1f7445252e1e276c77d9dc2f36f8b1c91619b2001bad1822238f66a4b3c52d5,738,37647,1,24,22,2,0,0,0,0,0,0
RequestProject/NavierStokes/RecordNormalizedInheritedBounds.lean,RequestProject.NavierStokes.RecordNormalizedInheritedBounds,2aad752bcc3cb5eac8c67c5bd8a2eab17fbe296cdae12659bdf3735f0cb24e39,366,19256,1,22,17,5,0,0,0,0,0,0
RequestProject/NavierStokes/RescalingAudit.lean,RequestProject.NavierStokes.RescalingAudit,4d0106eff3bf171ee2d9ce9f64aea10b87db7b4bb66c118c3afdf0c6f619633a,172,8024,1,13,10,3,0,0,0,0,0,0
RequestProject/NavierStokes/ResolventGramFlux.lean,RequestProject.NavierStokes.ResolventGramFlux,ff488b0956f61b32f9eea195ff998ec9fdadee49756fb0d3c6f1d18f1c0f242b,446,22135,3,16,11,5,0,0,0,0,0,0
RequestProject/NavierStokes/ResolventHeatFactorization.lean,RequestProject.NavierStokes.ResolventHeatFactorization,0d96d7227e13fb9be2e2ccfb65fe0a2fba7cdeb7bc3bf54f7ae1fbf3c7c64c0e,340,15396,1,31,24,6,1,0,0,0,0,0
RequestProject/NavierStokes/ScaleAnchor.lean,RequestProject.NavierStokes.ScaleAnchor,e4a2fcaa4e71779bd65454ff6ccf64f93f9a229e075180a206d9109cfc10b1ee,321,16087,1,12,11,1,0,0,0,0,0,0
RequestProject/NavierStokes/ScaleGramChargeAssembly.lean,RequestProject.NavierStokes.ScaleGramChargeAssembly,cc4ab28545cc1714208094ea0bc92dc67251e4844386dc48ce1313d82b233ca4,195,9783,1,5,5,0,0,0,0,0,0,0
RequestProject/NavierStokes/ScaleInvariantGradientEnergy.lean,RequestProject.NavierStokes.ScaleInvariantGradientEnergy,f1beeef83303035616aa38ea8705a6516c007850079eadc8c4906aa146912cdd,150,7456,1,7,5,2,0,0,0,0,0,0
RequestProject/NavierStokes/ScaleInvariantWeightChoice.lean,RequestProject.NavierStokes.ScaleInvariantWeightChoice,19b09cc65a0494b9e76c9803aa272f67bcaf562515a53b2cb6bdca17f87fb602,204,10630,1,10,5,5,0,0,0,0,0,0
RequestProject/NavierStokes/ScaleProbeExistence.lean,RequestProject.NavierStokes.ScaleProbeExistence,2cf25651cf2026f213bf0a86caa0ca5b9f7240bba9a92c8a07c6e30e61f1a2ce,572,30391,1,26,23,3,0,0,0,0,0,0
RequestProject/NavierStokes/ScaleProbeRadial.lean,RequestProject.NavierStokes.ScaleProbeRadial,d240cc454a5df1a030bc204673e7bba9cba7ba046115985ab46d85af350ec71c,428,21441,1,13,10,3,0,0,0,0,0,0
RequestProject/NavierStokes/SeparableWeight.lean,RequestProject.NavierStokes.SeparableWeight,de7f7ad154a900218cc7cf0b809b20cb5a7155c392889c2f9a355c51b717c037,174,7917,1,20,17,3,0,0,0,0,0,0
RequestProject/NavierStokes/SignedGramWienerAssembly.lean,RequestProject.NavierStokes.SignedGramWienerAssembly,2c1ca644b51ee95458d0536fed9830c439820e7cfbc9f6b29a17cb538a8ddf07,236,12745,2,7,5,2,0,0,0,0,0,0
RequestProject/NavierStokes/SignedRemainderResolventBudget.lean,RequestProject.NavierStokes.SignedRemainderResolventBudget,1326b09a6c94514cbe1300db8c60ac36ff9c0ae27960eb8dda982d81251e87fe,362,18930,1,10,10,0,0,0,0,0,0,0
RequestProject/NavierStokes/SignedRemainderTTStar.lean,RequestProject.NavierStokes.SignedRemainderTTStar,c0bf8bf8d1345a6f0c645a2d6fd5e2da67277c1115af26ddcc5e088747d252dd,692,35011,6,37,25,12,0,0,0,0,0,0
RequestProject/NavierStokes/SimilarityAbsorption.lean,RequestProject.NavierStokes.SimilarityAbsorption,d4265005e1892823a494a28dbe339a0c2d967cea6dad4999bbe64063207dbecc,143,6762,1,5,5,0,0,0,0,0,0,0
RequestProject/NavierStokes/SimilarityAmplitudeLaw.lean,RequestProject.NavierStokes.SimilarityAmplitudeLaw,d9e9ee55417bfd8b257290820f87a71c4094a09ccd1176cc068837cb59848e88,174,8496,1,5,4,1,0,0,0,0,0,0
RequestProject/NavierStokes/SimilarityEnergy.lean,RequestProject.NavierStokes.SimilarityEnergy,4bf169e30362714442ce28467b8fe848b12175e01693fae6b135ceb2dc6cc4a6,365,18047,2,10,10,0,0,0,0,0,0,0
RequestProject/NavierStokes/SimilarityNearFarAbsorption.lean,RequestProject.NavierStokes.SimilarityNearFarAbsorption,690ee38556c6a4422eda6552ab753987cb3865b64e178e7f20d8e44239f1d475,368,18127,1,18,17,1,0,0,0,0,0,0
RequestProject/NavierStokes/SimilarityNearFarScaleCharge.lean,RequestProject.NavierStokes.SimilarityNearFarScaleCharge,46c5a7df7d0f52a81a606153c0b4b1d3f3145188d1261594301ec7987e54b544,237,12795,2,2,2,0,0,0,0,0,0,0
RequestProject/NavierStokes/SimilarityScaleCharge.lean,RequestProject.NavierStokes.SimilarityScaleCharge,021470926596be9ae93345737003af17103f817a30f829b31a03d00380bfbbe9,194,10611,2,2,2,0,0,0,0,0,0,0
RequestProject/NavierStokes/SlotKernelAntiParallel.lean,RequestProject.NavierStokes.SlotKernelAntiParallel,f9714ff312b2c3957c5382134274191cebf2e5491f25a024789ef336da940635,164,7773,1,14,10,3,1,0,0,0,0,0
RequestProject/NavierStokes/SmallReynoldsAmplitudeDecay.lean,RequestProject.NavierStokes.SmallReynoldsAmplitudeDecay,3ae3fe2904e737af97c1db74730ae11b13c68c860590ea16f014651769674852,208,9910,1,6,6,0,0,0,0,0,0,0
RequestProject/NavierStokes/SpacetimeDivergence.lean,RequestProject.NavierStokes.SpacetimeDivergence,82cac7c68eebbca88de9e430bd54b06c8ea9ed720babc648771555d507b0ee49,187,9440,1,7,7,0,0,0,0,0,0,0
RequestProject/NavierStokes/SparseIslandNoGo.lean,RequestProject.NavierStokes.SparseIslandNoGo,1c4a546e6974619e40298985caac8638a3299bd56c3a09e9c778e0eaef908283,160,8378,1,6,5,0,1,0,0,0,0,0
RequestProject/NavierStokes/SpatialScaleGen.lean,RequestProject.NavierStokes.SpatialScaleGen,ed5908e3a91e966acdbf44c0f8eab841b56d077fbc5153af23af6f4eed799794,115,5226,2,10,9,1,0,0,0,0,0,0
RequestProject/NavierStokes/SpineRateBlockAdapter.lean,RequestProject.NavierStokes.SpineRateBlockAdapter,e0a8bab056a04e97ca7b9504d15e64d7d5b9fea5518a469d792b67fb22106386,178,9280,2,6,6,0,0,0,0,0,0,0
RequestProject/NavierStokes/StationarySimilarityRigidity.lean,RequestProject.NavierStokes.StationarySimilarityRigidity,2e76a3a417dc745a09c7cec6bc8dca413df8b6d0ea77ba122cf80115fefae05c,339,16933,2,13,10,3,0,0,0,0,0,0
RequestProject/NavierStokes/StrongMinimumNoGo.lean,RequestProject.NavierStokes.StrongMinimumNoGo,46b7dba19c394eb6d1812cd34d422b71200809e35b46bd5b61b5c57a4c53a082,137,5801,1,13,11,2,0,0,0,0,0,0
RequestProject/NavierStokes/StructureFunction.lean,RequestProject.NavierStokes.StructureFunction,138b1d4d0cc5ca2126e32e063a411bf3700b7dc8e30fbf0e361f74727ab3388c,586,32062,1,60,46,14,0,0,0,0,0,0
RequestProject/NavierStokes/TiltedProjectiveSpeed.lean,RequestProject.NavierStokes.TiltedProjectiveSpeed,eb30f814112cc09912506d7eb67e38dc6b00e1194ff9f17dcb0886cfc3c88066,113,4640,1,8,6,2,0,0,0,0,0,0
RequestProject/NavierStokes/TorusGaussianIntegrals.lean,RequestProject.NavierStokes.TorusGaussianIntegrals,123d36601b64d2c7101dc787f75b7cbe6a735126a19c923b06fba5c0a795a0c3,555,27147,3,56,50,6,0,0,0,0,0,0
RequestProject/NavierStokes/TorusGaussianWeight.lean,RequestProject.NavierStokes.TorusGaussianWeight,244fd8b9a56b8574730d4e4c5d7b5375014c26ccc1b474bdf2c494a67e3397ed,248,11275,1,31,27,4,0,0,0,0,0,0
RequestProject/NavierStokes/TransverseFrameSplit.lean,RequestProject.NavierStokes.TransverseFrameSplit,ba4c0764c6190967b7ff4f535ee64fc27f7729694936f9baf2be7a0cdc7b560b,350,16732,1,28,24,4,0,0,0,0,0,0
RequestProject/NavierStokes/Uniqueness.lean,RequestProject.NavierStokes.Uniqueness,3c269ce7f82174d7b9aa94fa83e70800a8aadb8f5f27b79d8eb3ea955929533e,363,19744,2,4,4,0,0,0,0,0,0,0
RequestProject/NavierStokes/UnnormalizedProbeCoercivity.lean,RequestProject.NavierStokes.UnnormalizedProbeCoercivity,872e4e612cb1ca2471f2494a05a64c0c263fc155cd654c0f2bada721fdc9b500,157,7611,2,4,4,0,0,0,0,0,0,0
RequestProject/NavierStokes/Vorticity.lean,RequestProject.NavierStokes.Vorticity,325b9891f929cecb3bd3e8753f67a6e69db934c12b031b7fd53821ff374360d1,411,22090,1,18,16,2,0,0,0,0,0,0
RequestProject/NavierStokes/WaleffeAmplitude.lean,RequestProject.NavierStokes.WaleffeAmplitude,da7dabe703a6aaab400b47e2cb901774ad828c263afeeb811a8bfc77a0fc183f,204,9562,1,20,12,8,0,0,0,0,0,0
RequestProject/NavierStokes/WaleffeBetweenBlockGram.lean,RequestProject.NavierStokes.WaleffeBetweenBlockGram,25f42cae41accd17b7fef6bf0bcdb1580a73cfcbb3c7757910d8b41683c15f75,785,35424,2,92,80,12,0,0,0,0,0,0
RequestProject/NavierStokes/WaleffeCriticalCompanionSummation.lean,RequestProject.NavierStokes.WaleffeCriticalCompanionSummation,141fb13e7efb5202c47558c24400b2b5c04ade4f23f6f1330212327ee00059f1,934,46018,1,44,32,12,0,0,0,0,0,0
RequestProject/NavierStokes/WaleffeCriticalEnergyBarrier.lean,RequestProject.NavierStokes.WaleffeCriticalEnergyBarrier,67ff40c9dbd809a382a425ee3e59e6b8573ebb1f5ec86ac36bb1c1d5fea1bc59,406,21728,3,18,16,2,0,0,0,0,0,0
RequestProject/NavierStokes/WaleffeExternalBonyClasses.lean,RequestProject.NavierStokes.WaleffeExternalBonyClasses,5b82225538629ea5842022c8f85e5cccf6c2d7e0bffe1193138f09990bf8ff14,772,38724,1,36,33,3,0,0,0,0,0,0
RequestProject/NavierStokes/WaleffeExternalCrossTriadCells.lean,RequestProject.NavierStokes.WaleffeExternalCrossTriadCells,64da8c1809907f61ba26cc35986f1b5e3b37ad91737ef53c2c5e8060c925a9c1,785,40128,1,45,40,5,0,0,0,0,0,0
RequestProject/NavierStokes/WaleffeExternalForcingSplit.lean,RequestProject.NavierStokes.WaleffeExternalForcingSplit,4ca76365d731d3883059965db1aece8d4668f5c950a96e27ad7980b979a5c700,240,12502,1,10,8,2,0,0,0,0,0,0
RequestProject/NavierStokes/WaleffeForcingMajorant.lean,RequestProject.NavierStokes.WaleffeForcingMajorant,17ee7f76416997d92d079403758231744b657d37e2f87a597ca520c7abbd625d,294,13063,1,21,20,1,0,0,0,0,0,0
RequestProject/NavierStokes/WaleffeGalerkinEnergy.lean,RequestProject.NavierStokes.WaleffeGalerkinEnergy,aafee7e1f0442cbe55b6eb446a10e3e82b2106ad9eea3db640d5a0f978e602ab,481,21354,2,40,34,6,0,0,0,0,0,0
RequestProject/NavierStokes/WaleffeHighHighOutputGain.lean,RequestProject.NavierStokes.WaleffeHighHighOutputGain,52712b3aa438e0500feeb90cd4ee4a34623c7b567b4d518037983de0999a37fc,740,37324,1,41,36,5,0,0,0,0,0,0
RequestProject/NavierStokes/WaleffeIntegratedPayment.lean,RequestProject.NavierStokes.WaleffeIntegratedPayment,e454ce7eba718fbad53afd3c31b59bfbb6dcdf5ddae15ad95c3ee42232faf958,218,10663,1,5,5,0,0,0,0,0,0,0
RequestProject/NavierStokes/WaleffeNetworkForcingBudget.lean,RequestProject.NavierStokes.WaleffeNetworkForcingBudget,64e0c5b3cf47c8c5546c0f30c82b8fab8a8091765e4ce0b17d6ba1529edd0e28,284,13758,2,26,10,15,1,0,0,0,0,0
RequestProject/NavierStokes/WaleffeOutputGainFibre.lean,RequestProject.NavierStokes.WaleffeOutputGainFibre,c2f8ecb87efa8909f811a02061500fc21c67f3bb90b91bc38a0fffebf4c4f75c,277,12671,1,13,11,2,0,0,0,0,0,0
RequestProject/NavierStokes/WaleffeSelfForcingSign.lean,RequestProject.NavierStokes.WaleffeSelfForcingSign,8a718344c41543b21dadb3815fb434a2eb8689c0396bbaa279e622b0fe94c73f,215,9757,1,15,13,2,0,0,0,0,0,0
RequestProject/NavierStokes/WaleffeSelfPhaseEnergyPayment.lean,RequestProject.NavierStokes.WaleffeSelfPhaseEnergyPayment,0ed4b2438cbe25d9856415f1e0f492b5d83455625337e9a29a6a8784a5ac1846,389,19792,1,21,21,0,0,0,0,0,0,0
RequestProject/NavierStokes/WaleffeSerrinReduction.lean,RequestProject.NavierStokes.WaleffeSerrinReduction,894a9d1df248f50377c5af656452a3f76b6eec04725df46530c75e0228277132,460,24440,1,20,16,4,0,0,0,0,0,0
RequestProject/NavierStokes/WaleffeTriadInternalPayment.lean,RequestProject.NavierStokes.WaleffeTriadInternalPayment,1a28e1d6095798b046c22afa386f0d5e50774a41df0eca15d97ef170284b275b,543,28330,1,20,18,2,0,0,0,0,0,0
RequestProject/NavierStokes/WaleffeWienerBudget.lean,RequestProject.NavierStokes.WaleffeWienerBudget,63b967804ab56c4d701f3127b007e6492c35fca2e010ede60415bb9c873afd86,416,20690,1,24,21,3,0,0,0,0,0,0
RequestProject/NavierStokes/WaleffeWienerSupercritical.lean,RequestProject.NavierStokes.WaleffeWienerSupercritical,9969f4cd5d22b186897dfa84baf0f07c65c8bfee92cfac43385dfe6cbd78c1e5,173,8028,1,21,17,4,0,0,0,0,0,0
RequestProject/NavierStokes/WindowUniqueness.lean,RequestProject.NavierStokes.WindowUniqueness,c7242329eb54d516c814d82212e36fb5bdef8b10322aabb61d9d57d190a9b658,321,17429,3,3,3,0,0,0,0,0,0,0
docs/ns-clay-contract/A-lane-gap-ledger.md,,f329ba3d33a3e2365b7d11e456b5a447927923715e98adff1a56e0f6766ba5de,122,5991,0,0,0,0,0,0,0,0,0,0
docs/ns-clay-contract/README.md,,d3bcb1b92c3922e628e2cfe06cf9fae9e83021b56d049ad1ab8cbd2f1da67a19,205,12958,0,0,0,0,0,0,0,0,0,0
docs/ns-clay-contract/almost-orthogonality-schur.md,,77f7675ec631a8ff315e1605939c57d9325a76f87ddc6d06a96b8772507a8677,114,5755,0,0,0,0,0,0,0,0,0,0
docs/ns-clay-contract/between-block-gram.md,,ee516fcf9c665f08ef2214ddd45d49630e194302262efabc8ff371da07a33312,130,5679,0,0,0,0,0,0,0,0,0,0
docs/ns-clay-contract/build-support/Data/Rational/Tactic/RingSolver.agda,,33b8203aa0ca3f2fa7b688e6b9c168ae070fdb3cbdb5850a7ac13c93bcd6a1ed,43,1524,0,0,0,0,0,0,0,0,0,0
docs/ns-clay-contract/build-support/README.md,,b5b2742aef6b5d48b4cb5d310a4a2b437e970e5aba7893477bea36f616abe044,17,839,0,0,0,0,0,0,0,0,0,0
docs/ns-clay-contract/carrier-bridge-and-scale-probe.md,,2bbfaf8e2674dc142aef64ecad318216e65be91fafd2ae1e7dbf38ab3d75a4e2,121,6681,0,0,0,0,0,0,0,0,0,0
docs/ns-clay-contract/cascade-and-frequency.md,,8b9be2ee597ff117414a3664cd040cb0cb2765e0f48ec299b16a253ca249da2d,185,10752,0,0,0,0,0,0,0,0,0,0
docs/ns-clay-contract/closure-audit.md,,03bba348ed4a7b049f1b1c7a1485ff28a264400e3e7f401e24e94767be994335,442,25216,0,0,0,0,0,0,0,0,0,0
docs/ns-clay-contract/critical-companion-summation.md,,cd399f64ec97f8a80610857d7aa1c090be1b4a34a662b326e4e0deca9340c4dc,242,11482,0,0,0,0,0,0,0,0,0,0
docs/ns-clay-contract/critical-element-rigidity-branches.md,,8df72b27948525e3e521cd4c1c16324343d04e02ddc02b71b3c36b74ad4cde36,86,4726,0,0,0,0,0,0,0,0,0,0
docs/ns-clay-contract/dependent-flow-owner-analysis-round29.md,,8868786494a097198228d06303ebbc613eda1f98b9e654f7060f2b303892af30,158,6593,0,0,0,0,0,0,0,0,0,0
docs/ns-clay-contract/external-cross-triad-cells.md,,a5d498fb9902448e1c770c9306d2d1d4e9dbf42618f5d2afb89b1e161487018e,96,5669,0,0,0,0,0,0,0,0,0,0
docs/ns-clay-contract/external-residue-bony-classes.md,,da15636f7d88137cef7c4ceaecb8a9c49b9b62079acf6381716068e301fbefe3,110,5103,0,0,0,0,0,0,0,0,0,0
docs/ns-clay-contract/galerkin-critical-ledger-round26.md,,5c000e464c00ac4798ae19c2431167a7ac9d5ed338512bd12bd2fe86c6c52809,237,8644,0,0,0,0,0,0,0,0,0,0
docs/ns-clay-contract/galerkin-trajectory-existence-and-flux.md,,d8e775156d3f02fe278f4e9b8e9a64aa607da6b630319166b6d3c7af1c5553d3,118,5976,0,0,0,0,0,0,0,0,0,0
docs/ns-clay-contract/gaussian-fisher-tranche-C53-C55.md,,a7fa358fe5afdc6aac52ee67512bd7a97e4b5d7246ff2df6f63a27f8741e5cbc,190,9658,0,0,0,0,0,0,0,0,0,0
docs/ns-clay-contract/governance.md,,7d4cf8cb275c76223fb199c5f2a626cab588166855eab1d792aeaeb150d5a88c,87,4925,0,0,0,0,0,0,0,0,0,0
docs/ns-clay-contract/hh-low-output-gain.md,,d51d045a5d171e3b0bcec4bce2ecfbb0754dd5f0a4bee53ea347c9a0bb2d38da,134,6313,0,0,0,0,0,0,0,0,0,0
docs/ns-clay-contract/increment-local-energy.md,,88c7513039d8fe49511c48692b701a0e0e2cb6fe3a1a0ffb65ca3aa33a9eeb24,114,5776,0,0,0,0,0,0,0,0,0,0
docs/ns-clay-contract/liouville-route.md,,8f153b71ffe803916f7d391d0f9ebb1874e02649c1d48f568d300e8f741a4180,104,5670,0,0,0,0,0,0,0,0,0,0
docs/ns-clay-contract/localized-karman-howarth.md,,0cf7720309c6900eb31ddcf95461aec264223ddcc69ec66ffb0807c108db4c36,141,6502,0,0,0,0,0,0,0,0,0,0
docs/ns-clay-contract/modulus-gram-tranche.md,,f677e9a91d4cccdcfd5334ba79de333760f12b82aa562853ee97910c14cfa6e0,172,9731,0,0,0,0,0,0,0,0,0,0
docs/ns-clay-contract/ns-adjoint-transfer-and-log-defect-round44.md,,ac09b6092edbdb944b07e328e53a17876a176d90a0d610c0dc3e2a8b6587019b,199,8959,0,0,0,0,0,0,0,0,0,0
docs/ns-clay-contract/ns-agda-tranche-intake-20260909.md,,582aabaafd34d25ba2d3640e68cdc262b12d7287bc25c4bac7becac2e97bffde,205,10949,0,0,0,0,0,0,0,0,0,0
docs/ns-clay-contract/ns-defect-density-annular-com-round41.md,,6b76916cd01bf69c4033a6e832b076cbd4f212ecb711fe0f06a8b45554a4ac29,239,7025,0,0,0,0,0,0,0,0,0,0
docs/ns-clay-contract/ns-defect-measure-adjoint-com-round40.md,,adcba2a44f153266be453abb833478b069c2530f7aba3f39f946264f66cadee2,277,8685,0,0,0,0,0,0,0,0,0,0
docs/ns-clay-contract/ns-fourier-strain-hhbad-round34.md,,03beb1d18e9bce098ff8aeaf05b526ec3a9d508ec41c479df05842797c39b761,301,10601,0,0,0,0,0,0,0,0,0,0
docs/ns-clay-contract/ns-gaussian-dirichlet-round48.md,,4c9431644626e37c0ab95a2090b96b634bdb7c5594b63bd7580901bc8b27538e,122,5386,0,0,0,0,0,0,0,0,0,0
docs/ns-clay-contract/ns-hhbad-scale-gain-round31.md,,8cf7cfc4a10f360eb8c2c75e8583c508b03651c5203db003862074e30c6a99a4,130,3439,0,0,0,0,0,0,0,0,0,0
docs/ns-clay-contract/ns-indexed-gluing-resource-lattice-round32.md,,349b4039116de4bfff210997fd3f49c7bc8339a8187a95fdd96faf09e2d2c807,37,1757,0,0,0,0,0,0,0,0,0,0
docs/ns-clay-contract/ns-interaction-closure-round47.md,,767f01c4d12a3adac96720ad5811546c9b4ac247533e3164f754164f019e60df,118,6038,0,0,0,0,0,0,0,0,0,0
docs/ns-clay-contract/ns-master-defect-relocation-amplitude-round42.md,,bf353bc457237c75c2be1b156e55867a48d414c865880f89ae226192ee01680e,463,12723,0,0,0,0,0,0,0,0,0,0
docs/ns-clay-contract/ns-nearfar-relative-absorption-round46.md,,092ae19d75aa1cddc7c3cbeb4b38b4c0780b3db1d6c6af4a09df78db9cc7435c,138,7274,0,0,0,0,0,0,0,0,0,0
docs/ns-clay-contract/ns-periodic-pv-odd-com-f4-round39.md,,26aa82e2e9874143ecf9efcd1b1660f44727283d04a3e3e7d13eba7db85febff,363,11424,0,0,0,0,0,0,0,0,0,0
docs/ns-clay-contract/ns-pq-stabilizer-signed-ledger-round37.md,,2c41b4c5b947af105b49609cb79ee5e1646251869137c43dfd8869cd0734dd19,314,10167,0,0,0,0,0,0,0,0,0,0
docs/ns-clay-contract/ns-residual-transport-owner-flow-round38.md,,40d4dc633f6be6b1c197971f2dd4c3c83c641e7097457f03c17225bdfb67f5f3,373,12374,0,0,0,0,0,0,0,0,0,0
docs/ns-clay-contract/ns-round36-validation-trigger.md,,34c421073fa3c1c4db9a5789682c785440ed2103c9d8bc020f377ff7a78598d6,1,216,0,0,0,0,0,0,0,0,0,0
docs/ns-clay-contract/ns-same-object-lookup-sharp-gain-round33.md,,a2c08e5c8059c60708236329c0db5b930ad05e2b55226c4d29f5cbe4b3a2ae31,180,5998,0,0,0,0,0,0,0,0,0,0
docs/ns-clay-contract/ns-schur-principal-angle-projective-round36.md,,5475270de10235bfe820514bdfd32f9dfbb63062a58cd4d955fc699422ce54d9,177,9519,0,0,0,0,0,0,0,0,0,0
docs/ns-clay-contract/ns-selfphase-energy-payment-round110.md,,844e38afb771178773cfdbcb52c40b8f9c249d22e7a938ab1ff1004140ccfa18,131,6370,0,0,0,0,0,0,0,0,0,0
docs/ns-clay-contract/ns-similarity-expenditure-round45.md,,d3472b61a50063b2bfc4f0110f3e8d587600c7d24a8f1a322a99801b6848293a,140,7472,0,0,0,0,0,0,0,0,0,0
docs/ns-clay-contract/ns-strain-gram-cutoff-invariance-round35.md,,4cfba711aa9c77d0c4ca73215aceb265baf3cc980119347c8d81318eadf964fe,336,13582,0,0,0,0,0,0,0,0,0,0
docs/ns-clay-contract/ns-three-lemma-tranche-round43.md,,878e24b8fdadc145b8b4d7a114f3e06f3cd96aa0d02295db1937a21bee28f939,180,8545,0,0,0,0,0,0,0,0,0,0
docs/ns-clay-contract/open-gates.md,,693eeb938f4e4f08965ecc324ab719e2e53d41cc87b1cf973f7b024585650217,163,8186,0,0,0,0,0,0,0,0,0,0
docs/ns-clay-contract/operator-schur-and-block-cancellation.md,,103d43c943c3e6fb48b11d168e72f8697919644b3a9ccd3c780e30bdb39fddd7,136,7199,0,0,0,0,0,0,0,0,0,0
docs/ns-clay-contract/paper-corpus/README.md,,adfb3ee4a02ec384c90bf579604056fa90c8f61d817ca3fb519ece081e66ebc0,37,2015,0,0,0,0,0,0,0,0,0,0
docs/ns-clay-contract/paper-corpus/audit-matrix.md,,862c98da0b938353fb9310eefc9fe70542d855e9659638f8e474c9d2b3ea716c,42,6621,0,0,0,0,0,0,0,0,0,0
docs/ns-clay-contract/paper-corpus/highest-alpha-lemma-ladder.md,,8075d04b52517df7711521c1d7d020d6c53246077f4e74a66d560b8349fc8b26,391,14380,0,0,0,0,0,0,0,0,0,0
docs/ns-clay-contract/paper-corpus/verification.md,,29a7c1496860de207d318882b28ef8a148130fc2803706b69839ff25dbb03f6e,72,3023,0,0,0,0,0,0,0,0,0,0
docs/ns-clay-contract/physical-carrier-partition-round28.md,,e19041cb64a13f95373816f45ee0c23874f93df75bdbeed37241e0f15aa76447,144,5585,0,0,0,0,0,0,0,0,0,0
docs/ns-clay-contract/physical-carrier-support-round25.md,,c8920c883cb0fb537dd3b703c48677cdd0db831e00370e15451c55a07ddba53a,142,5251,0,0,0,0,0,0,0,0,0,0
docs/ns-clay-contract/physical-galerkin-concrete-round30.md,,ec9986bb41fa5bfe0fc7aebd4cb7727545ecec1ae6cfabf6d4d8d057f375df79,70,2880,0,0,0,0,0,0,0,0,0,0
docs/ns-clay-contract/physical-galerkin-flow-round30.md,,690f4de6d3dd4459b9b640825c0727813d9c4984ef3789631200f7c20b2e6544,127,5589,0,0,0,0,0,0,0,0,0,0
docs/ns-clay-contract/projector-operator-core-round27.md,,757a996ead1ee6c4ec4355cd6d5740dfdec408090c269e2b862c0e9729e49586,155,6110,0,0,0,0,0,0,0,0,0,0
docs/ns-clay-contract/rate-block-gram-bound.md,,bb588a4b99e6ab82294a9bcbef0fda5f8d98d02b9acd20ac5b84af21dbedfe8e,94,4869,0,0,0,0,0,0,0,0,0,0
docs/ns-clay-contract/requirements.md,,cd9d0ffbf6e3a790891d9cb739818d7835ab51436260fb80687e44c6564b44f5,110,6647,0,0,0,0,0,0,0,0,0,0
docs/ns-clay-contract/resolvent-gram-flux.md,,2288efc65b303abc68be00b6bf36d2c055ca08dac587959a973156aa0a4dded1,109,5007,0,0,0,0,0,0,0,0,0,0
docs/ns-clay-contract/revised-blowup-route.md,,a2fefd17da2b0b0175bbba70a3a75071cd0ec108d82cb01c5cce73f0e5dd1fdc,179,9717,0,0,0,0,0,0,0,0,0,0
docs/ns-clay-contract/signed-remainder-resolvent-budget.md,,559a8265370475e8285ae218dfe484979c5b392762fc3ee54c2b7138d8993246,111,4933,0,0,0,0,0,0,0,0,0,0
docs/ns-clay-contract/signed-remainder-ttstar.md,,912653770d916f9d871444bffd6f309dd3401520b790f80d612acd7bbb0cb548,111,5024,0,0,0,0,0,0,0,0,0,0
docs/ns-clay-contract/source-tranche-audit.md,,5cd84a373e492353fcf16a046808c2c8cb06d4d2d9c75fa1865c018e872451b6,51,2708,0,0,0,0,0,0,0,0,0,0
docs/ns-clay-contract/toe-overlay-20260912/DONOR_HANDOFF_delta-20260911.md,,f9ea403d50a6f1f810081c78020000195e15710059809a1cc5b7d2b137c6650d,24,1144,0,0,0,0,0,0,0,0,0,0
docs/ns-clay-contract/toe-overlay-20260912/DONOR_HANDOFF_xpoll-20260910.md,,8aa71658d8aa67c763c67afefed05c9fb75d7d7dd108a36018fe36e41a9d7214,55,2849,0,0,0,0,0,0,0,0,0,0
docs/ns-clay-contract/toe-overlay-20260912/DONOR_README.md,,f811ea6a072765f5b99c679590ac766766831cdf387710e3205585f36e0f8e80,165,17896,0,0,0,0,0,0,0,0,0,0
docs/ns-clay-contract/toe-overlay-20260912/intake-and-reconciliation.md,,4d1a323c0974a6e04498e30336db802ea748231b250d2e1e5a22caba7d73ef0e,260,14515,0,0,0,0,0,0,0,0,0,0
docs/ns-clay-contract/uniform-commutator-round27.md,,974a1ce165069ed1b0a31c4e55dd1c1debb973acdf9265da83e8753026ab0581,46,2189,0,0,0,0,0,0,0,0,0,0
docs/ns-clay-contract/verification.md,,a2120e8adeeed79dc271bf5a5c4ac7230a9bf77bc8df54b6131098c442fb4175,90,4399,0,0,0,0,0,0,0,0,0,0
docs/ns-clay-contract/waleffe-network-forcing-round105.md,,3f5c2cd9b4dbf375b9e3f9ffcdab394abc030367b77e9c6f5059587cd8c99223,138,6942,0,0,0,0,0,0,0,0,0,0
lakefile.toml,,dd1a54ed4e3bb61be2b91edd219d64378bd0ebfd111a5b59329f41015d0ab4af,26,767,0,0,0,0,0,0,0,0,0,0
lean-toolchain,,db7bb24b756d745bbde83fe92718b51bd3625dae3701ba0f598d0eedcd3f3028,1,25,0,0,0,0,0,0,0,0,0,0
