module,importing_lanes,present,lanes
DASHI.Core.Prelude,45,yes,(root);Algebra;Analysis;Architecture;Arithmetic;Biology;Chemistry;Codec;Cognition;Combinatorics;Computation;ComputerScience;Control;Core;Crypto;Culture;Dynamics;Economics;Education;Environment;Finance;Foundations;GameTheory;Geometry;Governance;Hecke;Interop;Law;Learning;Mathematics;Moonshine;Ontology;Physics;Planning;Policy;Process;Programmes;Quantum;Reasoning;Statistics;Topology;Trading;Unified;Visualisation;Wikimedia
DASHI.Core.IntersectionalNonFactorability,22,yes,(root);Analysis;Biology;Chemistry;Cognition;Combinatorics;Core;Crypto;Culture;Economics;Education;Environment;Finance;Foundations;Governance;Interop;Law;Ontology;Physics;Planning;Reasoning;Trading
DASHI.Foundations.SSPTritCarrier,21,yes,(root);Algebra;Biology;Codec;Cognition;Compression;ComputerScience;Core;Culture;Economics;Environment;Foundations;Geometry;Governance;Interop;Moonshine;Ontology;Physics;Promotion;Reasoning;Unified
DASHI.Algebra.Trit,20,yes,(root);Algebra;Biology;Codec;Cognition;Combinatorics;Computation;ComputerScience;Control;Core;Economics;Foundations;Geometry;Governance;Interop;Metric;Moonshine;Physics;Reasoning;Statistics
DASHI.Core.AttributedSourceCore,16,yes,Analysis;Biology;Cognition;ComputerScience;Core;Crypto;Culture;Education;Governance;Interop;Law;Ontology;Physics;Reasoning;Semantics;Wikimedia
DASHI.Core.ObserverRefinementLatticeExact,14,yes,(root);Biology;Cognition;ComputerScience;Core;Culture;Education;Finance;Governance;Hecke;Moonshine;Ontology;Physics;Reasoning
DASHI.Core.GenericReceipt,13,yes,ComputerScience;Core;Crypto;Culture;Foundations;Governance;Interop;Law;Ontology;Physics;Promotion;Reasoning;Social
DASHI.Core.TypedDependencyCore,12,yes,Biology;Cognition;Combinatorics;Core;Education;Environment;Finance;Foundations;Governance;Ontology;Physics;Reasoning
DASHI.Core.ProjectionCategory,12,yes,(root);Algebra;Analysis;Bridges;Cognition;Companions;Computation;Core;Moonshine;Physics;Promotion;Regulation
DASHI.Interop.SensibLawResidualLattice,11,yes,(root);Algebra;Biology;Cognition;Core;Hecke;Interop;Physics;Planning;Reasoning;Unified
DASHI.Core.FibreRestrictionCore,11,yes,(root);Cognition;Combinatorics;Computation;Core;Crypto;Foundations;Governance;Ontology;Physics;Semantics
DASHI.Core.CandidateOnlyCore,11,yes,Biology;Core;Crypto;Culture;DASHI;Governance;Interop;Ontology;Physics;Promotion;Social
DASHI.Geometry.SSP369Ultrametric,10,yes,Biology;Codec;Cognition;ComputerScience;Core;Environment;Geometry;Physics;Topology;Unified
DASHI.Core.TrajectoryResidueExact,10,yes,(root);Algebra;Biology;Chemistry;Core;Crypto;Culture;Economics;Governance;Reasoning
DASHI.Core.ProofSearchLeastPrivilegeAdmissionExact,10,yes,(root);Chemistry;ComputerScience;Core;Culture;Governance;Interop;Physics;Reasoning;Wikimedia
DASHI.Core.MultiscaleMDL,10,yes,Biology;Cognition;Core;DASHI;Foundations;Interop;MDL;Moonshine;Physics;Unified
DASHI.Core.ExperimentalCoordinateDesignExact,10,yes,(root);Biology;Chemistry;Core;Culture;Environment;Governance;Interop;Physics;Reasoning
DASHI.Core.DiscriminatorSynthesisExact,10,yes,(root);Chemistry;Cognition;Core;Culture;Environment;Governance;Interop;Physics;Reasoning
DASHI.Core.AdmissibleTransitionHyperfabricExact,10,yes,(root);Chemistry;Combinatorics;Core;Culture;Dynamics;Environment;Law;Physics;Planning
DASHI.Core.ActionabilityCostedExperimentChoiceExact,10,yes,(root);Analysis;Chemistry;Core;Culture;Environment;Governance;Interop;Physics;Reasoning
DASHI.TrackedPrimes,9,yes,Analysis;Arithmetic;Cognition;Core;Dynamics;Foundations;Geometry;Interop;Physics
DASHI.Foundations.StageAtlasZeroToEleven,9,yes,Algebra;Cognition;Core;Dynamics;Foundations;Interop;Physics;Promotion;Reasoning
DASHI.Foundations.Base369Ternary27HypervoxelFabricGeometryExact,9,yes,(root);Biology;Cognition;Culture;Foundations;Governance;Interop;Moonshine;Physics
DASHI.Foundations.BalancedTernaryStageSymmetryExact,9,yes,(root);Biology;Cognition;Computation;Culture;Foundations;Governance;Moonshine;Reasoning
DASHI.Core.ProvenanceBearingQuotient,9,yes,Cognition;Core;Crypto;Education;Foundations;Governance;Ontology;Physics;Semantics
DASHI.Core.HistoryConditionedChoiceExact,9,yes,(root);Biology;Chemistry;Core;Culture;Environment;Governance;Physics;Reasoning
DASHI.Core.AdmissibleConsumerMDLHyperfabricExact,9,yes,(root);Analysis;Chemistry;Core;Culture;Environment;Interop;Law;Programmes
DASHI.Moonshine.Base369Ternary27SpectralSymmetryIrrepBridgeExact,8,yes,(root);Analysis;Cognition;Culture;Foundations;Governance;Moonshine;Physics
DASHI.Moonshine.Base369Ternary27SignedSymmetryMonsterIntertwinerExact,8,yes,(root);Analysis;Cognition;Culture;Foundations;Governance;Moonshine;Physics
DASHI.Law.SensibLawProofDirectedSearchIntentExact,8,yes,Cognition;Crypto;Culture;Interop;Law;Physics;Reasoning;Wikimedia
DASHI.Foundations.BalancedTernaryAntipodalOrbitExact,8,yes,Algebra;Cognition;ComputerScience;Core;Foundations;Interop;Moonshine;Ontology
DASHI.Core.ResidualObserverDependencyExact,8,yes,(root);Biology;Core;Culture;Finance;Law;Physics;Reasoning
DASHI.Core.ConsumerIndexedResidualRefinementExact,8,yes,(root);Cognition;Core;Culture;Education;Moonshine;Ontology;Reasoning
DASHI.Core.ConsumerDescentMinimalObserverExact,8,yes,Analysis;Biology;ComputerScience;Core;Governance;Moonshine;Ontology;Physics
DASHI.Core.BridgeRequirementCore,8,yes,Biology;Core;Crypto;Dynamics;Foundations;Interop;Ontology;Promotion
DASHI.Core.AuthorityNonPromotionCore,8,yes,Biology;Core;Crypto;Culture;Foundations;Interop;Ontology;Promotion
DASHI.Core.AffectedDependencyClosureExact,8,yes,(root);Biology;Cognition;Core;Culture;Environment;Governance;Reasoning
DASHI.Reasoning.PredicateNormalFormEvidenceAuditExact,7,yes,(root);Biology;Culture;Environment;Law;Reasoning;Wikimedia
DASHI.Physics.Closure.MoonshinePrimeLaneReceiptSurface,7,yes,Biology;Culture;Foundations;Governance;Moonshine;Physics;Unified
DASHI.Ontology.EpistemicTrit,7,yes,Cognition;Culture;Governance;Interop;Ontology;Reasoning;Wikimedia
DASHI.Interop.PNFHyperfabric369,7,yes,Core;Crypto;Governance;Interop;Physics;Reasoning;Unified
DASHI.Foundations.Base369BinaryTernaryRefinement,7,yes,Analysis;Cognition;Computation;Dynamics;Finance;Foundations;Moonshine
DASHI.Culture.IndigenousKnowledgeStoryTwoEyedSeeingBidiExact,7,yes,(root);Cognition;Core;Culture;Environment;Governance;Law
DASHI.Core.SequentialConsumerExperimentPlannerExact,7,yes,(root);Core;Culture;Environment;Governance;Physics;Reasoning
DASHI.Core.PolicyRelativeProjectionSafety,7,yes,Biology;Cognition;Core;Education;Environment;Governance;Ontology
DASHI.Core.OperatorTypes,7,yes,(root);Algebra;Combinatorics;Core;Geometry;Physics;Promotion
DASHI.Core.DynamicalQuotientSafety,7,yes,Biology;Cognition;Core;Environment;Foundations;Governance;Ontology
DASHI.Core.AdaptiveConsumerModelLoopExact,7,yes,(root);Biology;Core;Culture;Environment;Governance;Reasoning
DASHI.Core.ActiveBidiDiscriminatorLoopExact,7,yes,Biology;Chemistry;Core;Culture;Governance;Physics;Reasoning
DASHI.Biology.TernaryHypercubeHyperfabricExact,7,yes,(root);Biology;Cognition;Foundations;Interop;Moonshine;Physics
DASHI.Unified.GRQuantumProofTerms,6,yes,Algebra;Analysis;Core;Geometry;Physics;Unified
DASHI.Reasoning.TypedHyperfabricCore,6,yes,Biology;Cognition;Combinatorics;Computation;Ontology;Reasoning
DASHI.Reasoning.CarryMemorySubvoxelReceipt,6,yes,Cognition;Core;Governance;Interop;Physics;Reasoning
DASHI.Promotion.AuthorityBoundaryCore,6,yes,Biology;Core;Crypto;Culture;Interop;Promotion
DASHI.Physics.RealTernaryCarrier,6,yes,Combinatorics;Computation;Execution;Geometry;MDL;Physics
DASHI.Physics.Closure.SSPPrimeLane369DepthWheelCantorBridge,6,yes,Biology;Cognition;Core;Foundations;Interop;Physics
DASHI.Governance.OptionConeCoercionExact,6,yes,(root);Biology;Chemistry;Culture;Governance;Reasoning
DASHI.Foundations.TriadicFiniteQuotient,6,yes,Algebra;Analysis;Biology;Foundations;Physics;Topology
DASHI.Foundations.StageValuationBundleAtlas,6,yes,Biology;Cognition;Core;Foundations;Governance;Reasoning
DASHI.Foundations.SSPPrimeLane369Refinement,6,yes,Cognition;Core;Foundations;Geometry;Interop;Physics
DASHI.Foundations.RepresentationChartInvariant,6,yes,(root);Cognition;Core;Culture;Foundations;Reasoning
DASHI.Foundations.RecursiveRadixHypervoxel,6,yes,Biology;Cognition;Core;Foundations;Governance;Physics
DASHI.Foundations.JChartSuccessorBoundary,6,yes,Core;Dynamics;Foundations;Governance;Interop;Unified
DASHI.Foundations.Base369MobiusTransport,6,yes,Codec;Foundations;Interop;Moonshine;Physics;Reasoning
DASHI.Culture.KimmererTwoEyedSeeingInterpretationBoundaryExact,6,yes,(root);Cognition;Core;Culture;Environment;Law
DASHI.Culture.KimmererBraidingAcknowledgement,6,yes,Biology;Cognition;Combinatorics;Culture;Governance;Unified
DASHI.Core.SequentialOutcomeBackpropagationBidiExact,6,yes,(root);Biology;Cognition;Core;Culture;Governance
DASHI.Core.RequiredAxisSupportSquareExact,6,yes,Cognition;Core;Culture;Education;Environment;Governance
DASHI.Core.RelationalHistoryFabricExact,6,yes,(root);Biology;Core;Culture;Environment;Governance
DASHI.Core.ProjectionFibre,6,yes,(root);Computation;Core;Moonshine;Promotion;Regulation
DASHI.Core.PredictionEnvelopeExact,6,yes,(root);Core;Environment;Governance;Programmes;Reasoning
DASHI.Core.PluralConsumerProjectionSafety,6,yes,Biology;Cognition;Core;Governance;Ontology;Reasoning
DASHI.Core.GrammarGeneratedCategory,6,yes,Algebra;Bridges;Companions;Core;Physics;Promotion
DASHI.Core.GenericFuturePartitionRefinementExact,6,yes,Biology;Cognition;Core;Environment;Foundations;Governance
DASHI.Core.FutureObservationLanguageQuotientExact,6,yes,Biology;Cognition;Core;Environment;Governance;Reasoning
DASHI.Core.ExperimentalOutcomeOrientationBackpropagationBidiExact,6,yes,(root);Biology;Cognition;Core;Culture;Governance
DASHI.Core.CostedResidualInformationChoiceExact,6,yes,Cognition;Core;Environment;Governance;Law;Reasoning
DASHI.Core.ConsumerIndexedTrajectoryFibreAdequacyExact,6,yes,Biology;Cognition;Core;Economics;GameTheory;Interop
DASHI.Core.CoarseFineRelativeFibreExact,6,yes,Biology;Cognition;Combinatorics;Core;Environment;Governance
DASHI.Core.AdmissibleReachability,6,yes,Biology;Cognition;Core;Education;Governance;Ontology
DASHI.Core.AdapterCanonicalityCore,6,yes,Biology;Core;Crypto;Culture;Interop;Promotion
DASHI.Biology.TriadicKernelLiftQuotientExact,6,yes,Biology;Governance;Moonshine;Physics;Programmes;Visualisation
DASHI.Biology.SignedSSPFRACTRANWeaveExact,6,yes,Biology;Cognition;ComputerScience;Moonshine;Physics;Reasoning
DASHI.Algebra.BalancedTernary,6,yes,Biology;Cognition;Dynamics;Law;Metric;NumberTheory
DASHI.Topology.HelicalWeaveMappingTorusExact,5,yes,Biology;Computation;Dynamics;Topology;Unified
DASHI.Reasoning.TernaryComparisonSynthesisExact,5,yes,(root);Cognition;Culture;Ontology;Reasoning
DASHI.Reasoning.EvidenceDesignAdmissibilityExact,5,yes,(root);Biology;Environment;Governance;Reasoning
DASHI.Physics.YangMills.CompactLieProofLevel,5,yes,Analysis;Foundations;Mathematics;Moonshine;Physics
DASHI.Physics.ShiftDiscreteWaveStep,5,yes,Analysis;Biology;Moonshine;Physics;Reasoning
DASHI.Moonshine.Monster3BPhaseTransportExact,5,yes,(root);Cognition;Culture;Governance;Moonshine
DASHI.MDL.MDLLyapunov,5,yes,Arithmetic;Codec;Core;MDL;Physics
DASHI.MDL.MDLDescentTradeoff,5,yes,Core;Geometry;Interop;MDL;Physics
DASHI.Interop.ObservationTransportSpine,5,yes,Biology;Computation;Culture;Interop;Metric
DASHI.Governance.OppositionInterfaceAntiDomesticationExact,5,yes,(root);Biology;Culture;Governance;Planning
DASHI.Foundations.SSPPrimeLaneUnitAction,5,yes,Core;Foundations;Geometry;Moonshine;Physics
DASHI.Foundations.P11UnitGroupC10Witness,5,yes,Core;Foundations;Geometry;Interop;Physics
DASHI.Foundations.JPlusOneScaleBridge,5,yes,Core;Foundations;Governance;Interop;Reasoning
DASHI.Foundations.BishopConstructiveRealBridgeExact,5,yes,Analysis;Foundations;Mathematics;Moonshine;Physics
DASHI.Foundations.Base369Ternary27HypervoxelStratificationExact,5,yes,(root);Cognition;Foundations;Governance;Moonshine
DASHI.Energy.Core,5,yes,Analysis;Biology;Energy;MDL;Physics
DASHI.Dynamics.LogisticAdicStageCommutingSpine,5,yes,Biology;Cognition;Core;Dynamics;Foundations
DASHI.Culture.AmalekAuthorityProjectionBoundary,5,yes,(root);Biology;Cognition;Governance;Law
DASHI.Core.TemporalDiagnosisProvenanceHistoryBidiExact,5,yes,Biology;Cognition;Core;Culture;Governance
DASHI.Core.SuperSSP369Field,5,yes,Biology;Cognition;Core;Foundations;Physics
DASHI.Core.SourceAcquisitionGeometryExact,5,yes,Core;Foundations;Interop;Mathematics;Physics
DASHI.Core.RepresentationSubjectPositionNonfactorabilityExact,5,yes,Cognition;Core;Culture;Governance;Reasoning
DASHI.Core.ReopenableHypothesisForestExact,5,yes,Core;Culture;Environment;Governance;Interop
DASHI.Core.ReopenableConsumerInterventionKernelExact,5,yes,Analysis;Biology;Core;Environment;Governance
DASHI.Core.Q,5,yes,Analysis;Energy;Geometry;MDL;Physics
DASHI.Core.ProofSearchExperimentalParetoCrossPollinationExact,5,yes,Analysis;Biology;Chemistry;Core;Physics
DASHI.Core.ProofDebtRouterExact,5,yes,Biology;ComputerScience;Core;GameTheory;Moonshine
DASHI.Core.NDimParetoHyperfabricExact,5,yes,Biology;Core;Foundations;Interop;Moonshine
DASHI.Core.GovernedObservationProvenanceExact,5,yes,(root);Core;Culture;Governance;Reasoning
DASHI.Core.FrontierRelationStrengthBidiExact,5,yes,(root);Analysis;Core;Moonshine;Physics
DASHI.Core.FormalLensQualificationCore,5,yes,Biology;Core;Culture;Interop;Promotion
DASHI.Core.FibrePreservingDynamicsExact,5,yes,Combinatorics;Core;Governance;Moonshine;Ontology
DASHI.Core.FeministRechartingSourceBridgeExact,5,yes,Cognition;Core;Culture;Governance;Reasoning
DASHI.Core.EpistemicInquiryGovernance,5,yes,Biology;Core;Ontology;Planning;Reasoning
DASHI.Core.DiagnosisFibreSalienceSchedulerBidiExact,5,yes,Biology;Cognition;Core;Culture;Governance
DASHI.Core.CounterfactualModelContractExact,5,yes,Biology;Cognition;Core;Law;Physics
DASHI.Core.BidiResidualApproximationExact,5,yes,Core;Environment;Governance;Moonshine;Reasoning
DASHI.Core.AuthorityBoundary,5,yes,Core;Crypto;Governance;Interop;Physics
DASHI.Core.ActionCrossingTraceCalculusExact,5,yes,(root);Core;Crypto;Foundations;Governance
DASHI.Computation.JacquardOperationalSemanticsExact,5,yes,(root);Biology;Computation;ComputerScience;Physics
DASHI.Cognition.RecursiveFibreTower,5,yes,Biology;Cognition;Foundations;Moonshine;Reasoning
DASHI.Cognition.PNF.TraumaMemoryHypervoxelBridge,5,yes,(root);Cognition;Education;Foundations;Reasoning
DASHI.Cognition.PNF.MemoryFibre,5,yes,Biology;Cognition;Education;GameTheory;Reasoning
DASHI.Cognition.PNF.LearningAlgebra,5,yes,Biology;Cognition;Education;GameTheory;Reasoning
DASHI.Codec.BalancedTritBitFibre,5,yes,Codec;ComputerScience;Interop;Moonshine;Statistics
DASHI.Chemistry.TransitionKernel,5,yes,Biology;Chemistry;Environment;Geology;Physics
DASHI.Biology.JFineCoarseRelativeScaleExact,5,yes,(root);Biology;Foundations;Moonshine;Reasoning
DASHI.Arithmetic.ArithmeticIntegerEmbedding,5,yes,Analysis;Arithmetic;Crypto;Metric;Physics
DASHI.Analysis.ConstructiveRealSpine,5,yes,Algebra;Analysis;Foundations;Moonshine;Physics
DASHI.Algebra.TetralemmaBridge,5,yes,Algebra;Governance;Interop;Ontology;Physics
DASHI.Unifier,4,yes,Geometry;Lorentz;Physics;Quantum
DASHI.Reasoning.DialecticalOppositionNonExplosionExact,4,yes,(root);Biology;Governance;Reasoning
DASHI.Reasoning.ClaimAuditManifestExact,4,yes,(root);Biology;Environment;Reasoning
DASHI.Reasoning.AttractorAlignedBranchSelectionExact,4,yes,Biology;Cognition;Core;Reasoning
DASHI.Reasoning.AristotleMCGSHypergraphExact,4,yes,(root);Chemistry;Physics;Reasoning
DASHI.Reasoning.AristotleActiveExperimentalProofSearchLoopExact,4,yes,(root);Analysis;Culture;Reasoning
DASHI.Promotion.SystemicDistressReframingBoundary,4,yes,Culture;Philosophy;Promotion;Unified
DASHI.Pressure,4,yes,Analysis;Core;Hecke;Interop
DASHI.Physics.Units.SI,4,yes,Biology;DNA;Environment;Physics
DASHI.Physics.Units.MechanicalDimensionExact,4,yes,Biology;Environment;Physics;Unified
DASHI.Physics.ShiftPhaseTableInterference,4,yes,Analysis;Moonshine;Physics;Reasoning
DASHI.Physics.QuadraticPolarization,4,yes,Execution;Geometry;Physics;Promotion
DASHI.Physics.QuadraticEmergenceShiftInstance,4,yes,Arithmetic;Geometry;Physics;Promotion
DASHI.Physics.Constraints.ConcreteInstance,4,yes,ClinicalDiagnostics;Physics;dashi_actual_blocker_break_requirements;dashi_blockage_break_agdas
DASHI.Physics.Common.FiniteWreathRefinementExact,4,yes,Biology;Foundations;Moonshine;Physics
DASHI.Physics.Closure.TeslaPolyphaseHistoricalBoundary,4,yes,Foundations;Governance;Interop;Moonshine
DASHI.Physics.Closure.ShiftRGObservableInstance,4,yes,ClinicalDiagnostics;Physics;dashi_actual_blocker_break_requirements;dashi_blockage_break_agdas
DASHI.Physics.Closure.LightTransportFibreClosure,4,yes,Computation;Interop;Moonshine;Physics
DASHI.Physics.Closure.CanonicalAbstractGaugeMatterInstance,4,yes,ClinicalDiagnostics;Physics;dashi_actual_blocker_break_requirements;dashi_blockage_break_agdas
DASHI.Moonshine.MonsterOggNonarySSPTritBridgeExact,4,yes,(root);Culture;Foundations;Governance
DASHI.Moonshine.Base369Ternary27CharacterAdjacencyEquivarianceExact,4,yes,(root);Cognition;Foundations;Moonshine
DASHI.Metric.AgreementUltrametric,4,yes,Combinatorics;Geometry;Metric;Physics
DASHI.Mathematics.NumberTheory.RiemannXiSymmetryExact,4,yes,Analysis;Core;Mathematics;Moonshine
DASHI.Interop.SweetgrassCarrierSpine,4,yes,(root);Culture;Governance;Interop
DASHI.Interop.RoleGrammarCore,4,yes,Culture;Governance;Interop;Promotion
DASHI.Interop.PNFBraidTransportField,4,yes,Crypto;Finance;Interop;Promotion
DASHI.Governance.RecognitionDistributionRepresentationAxesExact,4,yes,(root);Environment;Governance;Law
DASHI.Governance.DiachronicDelegatedAuthorityBoundary,4,yes,(root);Governance;Ontology;Reasoning
DASHI.Governance.ContestedAmbientAuthorityHyperformalismExact,4,yes,(root);Culture;Governance;Planning
DASHI.Governance.ComparativeCrisisClimateAtlas,4,yes,Biology;Governance;Interop;Planning
DASHI.Governance.BritishColumbiaDecriminalizationBundleExact,4,yes,(root);Biology;Governance;Planning
DASHI.Governance.AuthorityMandateCore,4,yes,(root);Cognition;Culture;Governance
DASHI.Geometry.SSP369TreeAutomorphism,4,yes,Codec;Foundations;Geometry;Physics
DASHI.Geometry.ProjectionDefect,4,yes,Arithmetic;Geometry;Physics;Promotion
DASHI.Geology.SaltGeochemistryExact,4,yes,Chemistry;Environment;Geology;Governance
DASHI.Foundations.TernaryEndomorphismPhaseQuotientExact,4,yes,Biology;Foundations;Moonshine;Reasoning
DASHI.Foundations.SSPPrimeLaneUnitGroup,4,yes,Core;Foundations;Geometry;Physics
DASHI.Foundations.SSPPrimeLaneSymmetryProfile,4,yes,Core;Foundations;Interop;Physics
DASHI.Foundations.RadixValuationStageBridge,4,yes,(root);Culture;Foundations;Geometry
DASHI.Foundations.P7UnitGroupC6Witness,4,yes,Core;Geometry;Interop;Physics
DASHI.Foundations.P7HexTruthActionQuotient,4,yes,Core;Foundations;Geometry;Physics
DASHI.Foundations.HexTruthPolarityFactor,4,yes,Cognition;Foundations;Interop;Physics
DASHI.Foundations.FifteenSSPSurface,4,yes,Core;Crypto;Foundations;Physics
DASHI.Foundations.DialecticCubieTetralemmaExact,4,yes,Biology;Cognition;Culture;Reasoning
DASHI.Foundations.BishopPowerSeriesElementaryBridgeExact,4,yes,Analysis;Foundations;Mathematics;Physics
DASHI.Foundations.BishopExponentialSeriesConvergenceExact,4,yes,Analysis;Foundations;Mathematics;Physics
DASHI.Foundations.Base369NineCoordinateAggregateBridgeExact,4,yes,Foundations;Governance;Interop;Ontology
DASHI.Foundations.Base369Nat,4,yes,(root);ComputerScience;Crypto;Foundations
DASHI.Foundations.Base369FiveModePhaseQuotientExact,4,yes,(root);Cognition;Foundations;Moonshine
DASHI.Execution.Contract,4,yes,Execution;Geometry;Lorentz;Physics
DASHI.Energy.ClosestPoint,4,yes,Energy;Geometry;MDL;Physics
DASHI.Dynamics.TriadicResidualRechartDynamics,4,yes,Core;Dynamics;Interop;Unified
DASHI.Culture.QiOperatorTheoryBoundary,4,yes,Core;Culture;Interop;Promotion
DASHI.Culture.PatternMindReciprocityLoveBridge,4,yes,(root);Environment;Governance;Law
DASHI.Culture.IntellectualReceptionSituatedInformationParetoPreorderExact,4,yes,(root);Culture;Foundations;Reasoning
DASHI.Culture.CulturalTriadOperatorBoundary,4,yes,Culture;Governance;Interop;Promotion
DASHI.Culture.CulturalProvenanceBoundaryCore,4,yes,Biology;Combinatorics;Culture;Philosophy
DASHI.Core.TypedProvenanceDependencyGraphExact,4,yes,Core;Governance;Interop;Wikimedia
DASHI.Core.TrinhSubjectInMakingNoncollapseExact,4,yes,Cognition;Core;Culture;Governance
DASHI.Core.TopDownObservationCalculusExact,4,yes,Cognition;ComputerScience;Core;Ontology
DASHI.Core.ThreeChannelC3EquivarianceGateExact,4,yes,(root);Analysis;Core;Physics
DASHI.Core.TemporalDiagnosisSalienceRecalibrationBidiExact,4,yes,Biology;Cognition;Core;Governance
DASHI.Core.TemporalDiagnosisFibreProjectionBidiExact,4,yes,Biology;Cognition;Core;Governance
DASHI.Core.TemporalDiagnosisDependencyLineageBidiExact,4,yes,(root);Biology;Core;Culture
DASHI.Core.StructuredResidualProductExact,4,yes,(root);Core;Culture;Environment
DASHI.Core.StablePartitionCanonicalFutureBridgeExact,4,yes,Cognition;Core;Environment;Governance
DASHI.Core.SourceExactFrontierBidiCrossPollination2026,4,yes,(root);Biology;Core;Physics
DASHI.Core.SequentialRelationalExperimentPlannerExact,4,yes,Core;Environment;Physics;Reasoning
DASHI.Core.SelectiveInvalidationParetoFrontierBidiExact,4,yes,(root);Biology;Core;Culture
DASHI.Core.ScientificWorkAttributionExact,4,yes,Core;Culture;Environment;Physics
DASHI.Core.ResidualNaturality,4,yes,Analysis;Core;Promotion;Regulation
DASHI.Core.RelationalHypervoxelBraidCore,4,yes,(root);Analysis;Biology;Reasoning
DASHI.Core.RecursiveSelectiveInvalidationParetoTruthMaintenanceBidiExact,4,yes,(root);Biology;Core;Culture
DASHI.Core.QueryIndexedProjectionAdequacyExact,4,yes,Cognition;Core;Governance;Law
DASHI.Core.ProjectionHomology,4,yes,Algebra;Companions;Physics;Promotion
DASHI.Core.PluralEpistemicProgressMethodologyBidiExact,4,yes,Biology;Cognition;Core;Governance
DASHI.Core.OperatorShapeNonAuthorityCore,4,yes,Biology;Culture;Foundations;Interop
DASHI.Core.FiniteRankedRefinementStabilizationExact,4,yes,Biology;Cognition;Core;Governance
DASHI.Core.DialecticalMaterialRevisionExact,4,yes,Core;Culture;Interop;Physics
DASHI.Core.DependencyDerivedMinimalInvalidationBidiExact,4,yes,(root);Biology;Core;Culture
DASHI.Core.DeclaredRealizedIntegrityResidualExact,4,yes,Cognition;Core;Governance;Trading
DASHI.Core.CubieFaceOrderHolonomyAnalogueExact,4,yes,(root);Biology;Culture;Moonshine
DASHI.Core.CriticalSocialEcologyObserverRegimeExact,4,yes,Cognition;Core;Culture;Governance
DASHI.Core.ConsumerIndexedRelevanceMeasure,4,yes,Cognition;Core;Foundations;Ontology
DASHI.Core.ConsumerIndexedGovernedTransitionExact,4,yes,Cognition;Core;Environment;Geometry
DASHI.Core.ConsumerFibreRefinementSchedulerExact,4,yes,Biology;Cognition;Economics;Interop
DASHI.Core.CandidateFunctionalCore,4,yes,Biology;Culture;Interop;Physics
DASHI.Core.ArgumentLevelTransportHyperformalismExact,4,yes,Core;Governance;Interop;Ontology
DASHI.Core.AppendOnlyEvidenceResidualRevisionExact,4,yes,Biology;Cognition;Core;Governance
DASHI.Computation.SSSPConsumerInvariantSymmetryQuotientExact,4,yes,(root);Analysis;Cognition;Computation
DASHI.Combinatorics.ProofFabricCompilerExact,4,yes,(root);Combinatorics;Computation;ComputerScience
DASHI.Combinatorics.ProofCarryingTextileHyperfabricExact,4,yes,(root);Combinatorics;Computation;Core
DASHI.Cognition.PNF.SensibLawMaboTwoLegalOrderFibreExact,4,yes,Biology;Cognition;Culture;Wikimedia
DASHI.Cognition.PNF.EventAlgebra,4,yes,Biology;Cognition;Governance;Reasoning
DASHI.Cognition.PNF.DecisionAutonomyExact,4,yes,(root);Cognition;Culture;Governance
DASHI.Cognition.PNF.BinaryBalancedTernaryAggregateLossExact,4,yes,(root);Cognition;Culture;Ontology
DASHI.Codec.VerifiedFiniteTritCoder,4,yes,Combinatorics;ComputerScience;Moonshine;Physics
DASHI.Chemistry.AdmissibleReactionTransitionBridgeExact,4,yes,Biology;Core;Environment;Physics
DASHI.Biology.TernaryMonsterSymmetryCandidateExact,4,yes,(root);Biology;Foundations;Moonshine
DASHI.Biology.TernaryCantorWheelDiffusionExact,4,yes,Biology;Cognition;Foundations;Physics
DASHI.Biology.SignedMultiplicityObstructionExact,4,yes,Biology;Core;Culture;Moonshine
DASHI.Biology.SSP369JResolutionBifiltrationExact,4,yes,Biology;Cognition;Core;Moonshine
DASHI.Biology.ReducedFiftyThreeFibreExact,4,yes,(root);Biology;Moonshine;Physics
DASHI.Biology.PedagogicalJPlusOneRouting,4,yes,Biology;Education;Governance;Interop
DASHI.Biology.ObserverPerceptualManifoldResidual,4,yes,Biology;Cognition;Reasoning;Visual
DASHI.Biology.HyperfabricIntersectionalBodyMemoryBridge,4,yes,Biology;Cognition;Culture;Reasoning
DASHI.Biology.ConsentAgencyGovernanceCore,4,yes,Biology;Education;Governance;Planning
DASHI.Biology.AliceBrownCorpusLoom,4,yes,Biology;Governance;Ontology;Reasoning
DASHI.Arithmetic.VpDepth,4,yes,Analysis;Arithmetic;Crypto;Physics
DASHI.Arithmetic.M9BraidPDA,4,yes,(root);Arithmetic;Biology;Combinatorics
DASHI.Analysis.RiemannG2DeterminantConsumerQuotient369Exact,4,yes,(root);Analysis;Core;Moonshine
DASHI.Analysis.MaassSpectralCertification,4,yes,Analysis;Companions;Core;Moonshine
DASHI.Analysis.MaassFourierCarrier,4,yes,Analysis;Companions;Core;Moonshine
DASHI.Analysis.ConcreteComplex,4,yes,Algebra;Analysis;Foundations;Moonshine
DASHI.Analysis.CanonicalRationalMetric,4,yes,Analysis;Cognition;Foundations;Physics
DASHI.Algebra.TriadicFiniteIrrep,4,yes,Algebra;Analysis;Moonshine;Physics
DASHI.Algebra.TriadicDepthOneCharacters,4,yes,(root);Biology;Moonshine;Physics
DASHI.Algebra.Quantum.TernaryCircuit,4,yes,Algebra;Foundations;Promotion;Unified
DASHI.Algebra.Quantum.GeneralShor,4,yes,Algebra;ComputerScience;Crypto;Reasoning
DASHI.Algebra.MoonshineBridge,4,yes,Algebra;Interop;Physics;Unified
DASHI.Algebra.DisagreementFourViewBoundary,4,yes,Algebra;Core;Interop;Ontology
DASHI.Wikimedia.ScientificCitationQidBindingsExact,3,yes,Analysis;Physics;Wikimedia
DASHI.Trading.TradingDeclaredRealizedViabilityBridgeExact,3,yes,Economics;Finance;Trading
DASHI.Trading.PermissionKernel,3,yes,Finance;Interop;Trading
DASHI.Trading.DashiTradeDreamOptionConeExact,3,yes,Economics;Finance;Trading
DASHI.Topology.TextileStitchOperationalSemanticsExact,3,yes,(root);Physics;Topology
DASHI.Topology.TextileStitchHyperfabricExact,3,yes,(root);Physics;Topology
DASHI.Topology.TernaryCylinderPantsGeometryExact,3,yes,Moonshine;Reasoning;Topology
DASHI.Statistics.DirectionalEvidenceTritExact,3,yes,Biology;Interop;Statistics
DASHI.Reasoning.ZizekPNFSourceAtlas,3,yes,Culture;Interop;Reasoning
DASHI.Reasoning.SpacyDependencyToCandidateLogicalPNFExact,3,yes,Cognition;Law;Reasoning
DASHI.Reasoning.RelationalSharedStateUpdate,3,yes,Governance;Ontology;Reasoning
DASHI.Reasoning.RelationalLensSynthesisCore,3,yes,Algebra;Ontology;Reasoning
DASHI.Reasoning.RelationalChronologyProjectionBoundary,3,yes,(root);Governance;Ontology
DASHI.Reasoning.RelationalBranchInterference,3,yes,Cognition;Core;Reasoning
DASHI.Reasoning.MetaphorAlignmentMisunderstanding,3,yes,Foundations;Interop;Reasoning
DASHI.Reasoning.HistoryTimeIndexedAlgorithmModelExact,3,yes,Core;Moonshine;Reasoning
DASHI.Reasoning.DialecticalDepthAccumulationReceipt,3,yes,Governance;Physics;Reasoning
DASHI.Reasoning.DialecticMotifKernel,3,yes,Core;Governance;Reasoning
DASHI.Reasoning.DevelopmentalAttunementPNFBridge,3,yes,Culture;Education;Reasoning
DASHI.Reasoning.AttractorAlignedBranchSelection,3,yes,Cognition;Core;Reasoning
DASHI.Reasoning.AristotleActiveExperimentalProofSearchDynamicsExact,3,yes,(root);Culture;Reasoning
DASHI.Quantum.Stone,3,yes,Examples;Physics;Quantum
DASHI.Promotion.TechSystemicStressScenarioBoundary,3,yes,Economics;Interop;Promotion
DASHI.Promotion.MeasurementProxyBoundaryCore,3,yes,Biology;Promotion;Unified
DASHI.Promotion.ExplanationAuthorityBoundaryCore,3,yes,Biology;Culture;Unified
DASHI.Promotion.ChemistryQuantitativeAdapter,3,yes,Biology;Chemistry;Promotion
DASHI.Promotion.ChemistryBiologyObligations,3,yes,Biology;Chemistry;Promotion
DASHI.Planning.ParticipatoryPlanningGovernanceExact,3,yes,(root);Culture;Planning
DASHI.Planning.NonSubstitutionalReparationExact,3,yes,Culture;Governance;Planning
DASHI.Physics.YangMills.BalabanFiniteOneStepCore,3,yes,Analysis;Biology;Physics
DASHI.Physics.YangMills.BalabanClayGate4BishopHalfRadiusRealEstimatesExact,3,yes,Analysis;Foundations;Physics
DASHI.Physics.YangMills.BalabanBishopConcreteSineCosineTermParityExact,3,yes,Analysis;Foundations;Physics
DASHI.Physics.YangMills.BalabanActiveSourceDiscriminator2026Exact,3,yes,(root);Core;Physics
DASHI.Physics.TailCollapseProof,3,yes,Geometry;Metric;Physics
DASHI.Physics.Signature31InstanceShiftZ,3,yes,Execution;Geometry;Physics
DASHI.Physics.Optics.InverseCausticNumericalProducerExact,3,yes,(root);Environment;Physics
DASHI.Physics.ObserverConditionedTransportBridge,3,yes,Core;DASHI;Physics
DASHI.Physics.GR.GravitationalObservationBidiExact,3,yes,Culture;Interop;Physics
DASHI.Physics.FullPhysicsClosure,3,yes,(root);Physics;Unified
DASHI.Physics.Foundations.SettlerEnemyAbstractionExact,3,yes,Cognition;Governance;Physics
DASHI.Physics.Foundations.Round5SourceAtlas,3,yes,Biology;Physics;Visualisation
DASHI.Physics.Foundations.PhysicalTheoryExperimentDiscriminationExact,3,yes,Core;Physics;Programmes
DASHI.Physics.Foundations.IndigenousMilitaryIntelligenceCircuitExact,3,yes,(root);Governance;Physics
DASHI.Physics.Foundations.FundamentalConstantViabilityFibreExact,3,yes,Biology;Physics;Programmes
DASHI.Physics.Foundations.AtomicGenerationPipelineExact,3,yes,Governance;Interop;Physics
DASHI.Physics.ExoticGravity.AntigravityUnificationInteractionExact,3,yes,Culture;Interop;Physics
DASHI.Physics.ExoticGravity.AntigravityMaterialBidiCrossPollinationExact,3,yes,Culture;Interop;Physics
DASHI.Physics.Electromagnetism.PoissonNernstPlanckElectrodiffusionExact,3,yes,Biology;Environment;Geology
DASHI.Physics.ClosureGlue,3,yes,Geometry;HME;Physics
DASHI.Physics.Closure.W9MDLTerminationSeamRoute,3,yes,Codec;Geometry;Physics
DASHI.Physics.Closure.TemporalSheafProofObligations,3,yes,Physics;Sheaf;Topology
DASHI.Physics.Closure.ShiftContractObservableTransportPrimeCompatibilityProfileInstance,3,yes,Physics;dashi_actual_blocker_break_requirements;dashi_blockage_break_agdas
DASHI.Physics.Closure.SU2SO3369HypervoxelBridge,3,yes,Foundations;Moonshine;Physics
DASHI.Physics.Closure.SSPPrimeLane369PhaseBridge,3,yes,Foundations;Interop;Physics
DASHI.Physics.Closure.SSPPrimeLane369DepthAddressWheel,3,yes,Cognition;Geometry;Physics
DASHI.Physics.Closure.RGObservableInvariance,3,yes,Physics;dashi_actual_blocker_break_requirements;dashi_blockage_break_agdas
DASHI.Physics.Closure.MDLTradeoffShiftInstance,3,yes,Geometry;MDL;Physics
DASHI.Physics.Closure.ContractionForcesQuadraticTheorem,3,yes,Arithmetic;Physics;Promotion
DASHI.Physics.Closure.ContractionForcesQuadraticStrong,3,yes,Geometry;Physics;Promotion
DASHI.Physics.Closure.ChemistryRightLimitsQuotientObservableCouplingLaw,3,yes,Physics;dashi_actual_blocker_break_requirements;dashi_blockage_break_agdas
DASHI.Physics.Closure.ChemistryRightLimitsPromotedObservableCouplingLaw,3,yes,Physics;dashi_actual_blocker_break_requirements;dashi_blockage_break_agdas
DASHI.Physics.Closure.ChemistryRightLimitsGateTheorem,3,yes,Biology;Interop;Physics
DASHI.Physics.Closure.CanonicalToNoncanonicalScheduleMdlAlignmentBlocker,3,yes,Physics;dashi_actual_blocker_break_requirements;dashi_blockage_break_agdas
DASHI.Physics.Closure.CanonicalToNoncanonicalMdlSeamTheorem,3,yes,Physics;dashi_actual_blocker_break_requirements;dashi_blockage_break_agdas
DASHI.Physics.Closure.CanonicalToNoncanonicalCoarseRecoveryIdentification,3,yes,Physics;dashi_actual_blocker_break_requirements;dashi_blockage_break_agdas
DASHI.Physics.Closure.CanonicalClosureShiftMdlScheduleBridge,3,yes,Physics;dashi_actual_blocker_break_requirements;dashi_blockage_break_agdas
DASHI.Physics.Closure.BrainConnectomeFMRIObservationQuotient,3,yes,Biology;Physics;Unified
DASHI.Physics.Closure.BalancedTernaryContinuousEnvelope,3,yes,Algebra;Foundations;Physics
DASHI.Physics.Closure.AtomicChemistryRightLimitsAdapter,3,yes,Physics;dashi_actual_blocker_break_requirements;dashi_blockage_break_agdas
DASHI.Physics.Closure.AtomicChemistryRecoveryTheorem,3,yes,BrainDNA;Physics;dashi_actual_blocker_break_requirements
DASHI.Papers.Unification.TheoremInterface,3,yes,DCHoTT;Papers;Physics
DASHI.Ontology.WikidataEpistemicBridge,3,yes,Interop;Ontology;Wikimedia
DASHI.Moonshine.TernaryFiniteFunctionDeltaBasisExact,3,yes,(root);Foundations;Moonshine
DASHI.Moonshine.MonsterOggPrimaryDepthAndNestedEigenCarrierExact,3,yes,(root);Culture;Foundations
DASHI.Moonshine.MonsterFivePrimaryRelationalModelBoundaryExact,3,yes,(root);Culture;Foundations
DASHI.Moonshine.MonsterCharacterTableExact,3,yes,Companions;Foundations;Moonshine
DASHI.Moonshine.MonsterC3CyclotomicEvaluationExact,3,yes,Analysis;Foundations;Moonshine
DASHI.Moonshine.Monster3BFiniteHeisenbergGeneratorsExact,3,yes,(root);Moonshine;Reasoning
DASHI.Moonshine.GradedVertexOperatorAlgebraBoundary,3,yes,Analysis;Mathematics;Moonshine
DASHI.Moonshine.C3CyclotomicAmplitudeAlgebraExact,3,yes,Analysis;Foundations;Moonshine
DASHI.Moonshine.Base369Ternary27StratifiedFibreHolonomyExact,3,yes,(root);Culture;Moonshine
DASHI.Moonshine.Base369PeriodicTernaryTorusPathRestrictionBidiExact,3,yes,(root);Moonshine;Physics
DASHI.Moonshine.Base369MonsterFineCarrierEquivarianceAuditExact,3,yes,(root);Interop;Moonshine
DASHI.Metric.FineAgreementUltrametric,3,yes,Geometry;Metric;Physics
DASHI.Mathematics.LinearAlgebra.RationalTwoByTwoSelfAdjointSpectralExact,3,yes,Analysis;Mathematics;Physics
DASHI.Mathematics.LinearAlgebra.RationalThreeWayHodgeDecompositionExact,3,yes,Analysis;Mathematics;Physics
DASHI.Law.SensibLawHousingEpisodeEvidenceLineageExact,3,yes,Cognition;Interop;Law
DASHI.Law.HerzogPoliceCountryColonialityCrossPollinationExact,3,yes,Cognition;Economics;Law
DASHI.Interop.WikidataDerivationFibreBridge,3,yes,Interop;Ontology;Policy
DASHI.Interop.WikidataCandidateRoleBridge,3,yes,Interop;Ontology;Promotion
DASHI.Interop.UnifiedMathLanguageSpine,3,yes,(root);Interop;Unified
DASHI.Interop.UnifiedMathLanguageAssertedProofs,3,yes,(root);Physics;Unified
DASHI.Interop.SpectralOperatorShapeCore,3,yes,Culture;Interop;Promotion
DASHI.Interop.SourceDiligenceProofSearchBridgeExact,3,yes,Crypto;Interop;Law
DASHI.Interop.SensibLawOntologyTopology,3,yes,Cognition;Interop;Law
DASHI.Interop.ResidualBoundaryCore,3,yes,Governance;Interop;Promotion
DASHI.Interop.PNFVoidScopeBoundary,3,yes,Core;Governance;Promotion
DASHI.Interop.PNFTechSystemicStressBridge,3,yes,Cognition;Economics;Interop
DASHI.Interop.PNFResidualConsumerReceiptRequestPack,3,yes,Interop;Physics;Promotion
DASHI.Interop.PNFHodgeResidualTopology,3,yes,Interop;Promotion;Reasoning
DASHI.Interop.InspectionRelativeNoTypedMeet,3,yes,Core;Governance;Promotion
DASHI.HME.Trace,3,yes,(root);Culture;HME
DASHI.Governance.WhyteKinshipTemporalityBoundaryExact,3,yes,(root);Governance;Law
DASHI.Governance.TrumpEnergyCrackSpreadCrossPollinationExact,3,yes,Economics;Governance;Interop
DASHI.Governance.TraumaMemorySublationBoundary,3,yes,(root);Biology;Governance
DASHI.Governance.SocioTechnicalPowerSelectionAssayExact,3,yes,(root);Culture;Governance
DASHI.Governance.SexedHistoricalSubjectDialecticBidiExact,3,yes,(root);Culture;Governance
DASHI.Governance.SexedHistoricalProductiveDialecticalFibreJoinExact,3,yes,(root);Governance;Reasoning
DASHI.Governance.SexedHistoricalCollectiveThresholdNetworkExact,3,yes,(root);Culture;Governance
DASHI.Governance.PeaceJusticeResidualNonFactorabilityExact,3,yes,(root);Governance;Planning
DASHI.Governance.LevinAgenticMaterialRealisedTopologyCrossPollinationExact,3,yes,Biology;Governance;Planning
DASHI.Governance.InstitutionPreservingRechartAntiSublationExact,3,yes,(root);Governance;Planning
DASHI.Governance.GuardedPropositionResponseTree,3,yes,(root);Biology;Governance
DASHI.Governance.DependentAuthorityCoercionKernel,3,yes,(root);Culture;Governance
DASHI.Governance.ConstitutionalAxisResidualCapabilityExact,3,yes,(root);Culture;Governance
DASHI.Governance.AmalekProvenanceRoleBinding,3,yes,Governance;Interop;Law
DASHI.Geometry.SpacetimeHistoryWorldTube,3,yes,Empirical;Geometry;Vision
DASHI.Geometry.Signature.HyperbolicFormZ,3,yes,Execution;Geometry;Physics
DASHI.Geometry.SSP369SymmetryIsometry,3,yes,Foundations;Geometry;Unified
DASHI.Geometry.QuadraticForm,3,yes,Geometry;Physics;Promotion
DASHI.Geometry.ProjectionDefectToParallelogram,3,yes,Geometry;Physics;Promotion
DASHI.Geometry.HypervoxelAdicYoungFibonacciBridge,3,yes,Geometry;Interop;Moonshine
DASHI.Geometry.Gauge.SUNPrimitives,3,yes,Environment;Geometry;Physics
DASHI.Geometry.FlatLorentzianModel,3,yes,Algebra;Geometry;Physics
DASHI.Geometry.DNAFourAdicSheetLift,3,yes,Biology;Foundations;Geometry
DASHI.Geometry.DCHoTTBridgeObligationIndex,3,yes,DCHoTT;Geometry;Physics
DASHI.Geometry.ConeArrowIsotropyOrbitProfile,3,yes,Geometry;HME;Physics
DASHI.Geometry.CompleteUltrametricNat,3,yes,Geometry;Metric;Physics
DASHI.Geometry.CompleteUltrametric,3,yes,Geometry;Metric;Physics
DASHI.Geology.SaltConservationSpineExact,3,yes,Chemistry;Environment;Geology
DASHI.Foundations.TernaryNativeMinimalityExact,3,yes,ComputerScience;Core;Ontology
DASHI.Foundations.TernaryEndomorphismConjugacyExact,3,yes,Foundations;Moonshine;Reasoning
DASHI.Foundations.SurrealCompactificationIntake,3,yes,Foundations;Metric;Physics
DASHI.Foundations.StratifiedResolutionTowerExact,3,yes,Biology;Cognition;Moonshine
DASHI.Foundations.StageSymmetryCarrierTowerExact,3,yes,Biology;Foundations;Moonshine
DASHI.Foundations.SpectralCountingComplexity,3,yes,Foundations;Mathematics;Unified
DASHI.Foundations.SSPPrimeLane369Signature,3,yes,Core;Foundations;Physics
DASHI.Foundations.SSPBase369Bridge,3,yes,Foundations;Physics;Unified
DASHI.Foundations.RealAnalysisAxioms,3,yes,Foundations;Geometry;Physics
DASHI.Foundations.P13UnitGroupC12Witness,3,yes,Core;Interop;Physics
DASHI.Foundations.DialecticSheetFrameSelectorExact,3,yes,Biology;Cognition;Foundations
DASHI.Foundations.D4SO3NineIrrepRestrictionExact,3,yes,Biology;Foundations;Moonshine
DASHI.Foundations.CounterpositionOrderedJoinExact,3,yes,Biology;Governance;Reasoning
DASHI.Foundations.BishopNegativeExponentialUnitIntervalExact,3,yes,Foundations;Mathematics;Physics
DASHI.Foundations.BishopNatSquareRootSemanticSquareExact,3,yes,Foundations;Mathematics;Physics
DASHI.Foundations.BishopNatSquareRootRegularFloorExact,3,yes,Foundations;Mathematics;Physics
DASHI.Foundations.BishopNatSquareRootNonnegativeExact,3,yes,Foundations;Mathematics;Physics
DASHI.Foundations.BishopNatRealReciprocalSquareBaselExact,3,yes,Analysis;Foundations;Mathematics
DASHI.Foundations.BishopFiniteDegreeOneGeometricIdentityExact,3,yes,Analysis;Foundations;Mathematics
DASHI.Foundations.Base369Ternary27CornerEightExact,3,yes,(root);Foundations;Moonshine
DASHI.Foundations.Base369StableAlgebraicIdentityTowerExact,3,yes,(root);Foundations;Moonshine
DASHI.Foundations.Base369SignedMembershipExact,3,yes,Foundations;Moonshine;Ontology
DASHI.Foundations.Base369PolyphaseCharacters,3,yes,Foundations;Moonshine;Physics
DASHI.Foundations.Base369MonsterSemanticCoordinateSystemExact,3,yes,(root);Foundations;Moonshine
DASHI.Foundations.Base369MonsterNamedIdentityRegistryExact,3,yes,(root);Foundations;Moonshine
DASHI.Foundations.Base369InteractionAppraisalCubeExact,3,yes,Foundations;Governance;Ontology
DASHI.Foundations.BalancedTernaryAntipodalResidualCodecExact,3,yes,ComputerScience;Foundations;Ontology
DASHI.Finance.DashiTradeFibreBridgeExact,3,yes,Economics;Finance;Interop
DASHI.Environment.LESSituatedSocioEcologicalHyperfabricExact,3,yes,Environment;Interop;Planning
DASHI.Environment.LESResearchCrossPollinationExact,3,yes,Biology;Culture;Environment
DASHI.Environment.LESCountryExternalityRealisationExact,3,yes,Cognition;Environment;Law
DASHI.Environment.LESAdmissibleTransitionMDLCrossPollinationExact,3,yes,Core;Culture;Environment
DASHI.Environment.CertifiedValidationGovernanceExact,3,yes,(root);Environment;Physics
DASHI.Energy.Fejer,3,yes,Analysis;Biology;Energy
DASHI.Energy.Energy,3,yes,Energy;Geometry;Physics
DASHI.Empirical.GRQuantumEmpiricalValidationProgramme,3,yes,Empirical;Physics;Unified
DASHI.Economics.MarketTransitionGrammarCyberneticsExact,3,yes,Core;Economics;Interop
DASHI.Culture.YinYangPolarityBoundary,3,yes,Culture;Interop;Promotion
DASHI.Culture.WittgensteinUsePracticeSourceBridgeExact,3,yes,(root);Culture;Governance
DASHI.Culture.TaoOperatorGrammar,3,yes,Culture;Interop;Promotion
DASHI.Culture.TaoChapterReadingReceipt,3,yes,Culture;Interop;Promotion
DASHI.Culture.MarxLabourUnionSourceBoundaryExact,3,yes,(root);Culture;Economics
DASHI.Culture.JohnAnthonyBrownStudyDesignBidiExact,3,yes,(root);Culture;Governance
DASHI.Culture.IntersectionalPowerValueFolkModelBoundary,3,yes,(root);Cognition;Governance
DASHI.Culture.IntellectualReceptionActionVoxelGovernedSymmetryExact,3,yes,(root);Culture;Foundations
DASHI.Culture.HistoricalTotalityCriticalTheoryCrossPollinationExact,3,yes,(root);Culture;Governance
DASHI.Crypto.RSAArithmeticCore,3,yes,Algebra;ComputerScience;Crypto
DASHI.Crypto.FiniteFactorArithmetic,3,yes,Algebra;ComputerScience;Crypto
DASHI.Crypto.AttackerObservationLanguageRefinementExact,3,yes,(root);Crypto;Governance
DASHI.Core.TernaryRoleCarrierExact,3,yes,Core;Governance;Reasoning
DASHI.Core.TemporalPromotionNonRetroactivityBidiExact,3,yes,Core;Interop;Wikimedia
DASHI.Core.TechnicalDependencyHypergraphExact,3,yes,Core;Culture;Physics
DASHI.Core.StatisticalEvidenceCore,3,yes,Biology;Core;Crypto
DASHI.Core.SourceProcessEvidenceCore,3,yes,Core;Crypto;Foundations
DASHI.Core.SharedStateCoalitionReachableEffectExact,3,yes,Core;Culture;Governance
DASHI.Core.SectionedProjectionProvenanceBridgeExact,3,yes,Core;Moonshine;Ontology
DASHI.Core.ScientificMechanismEvidenceBidiExact,3,yes,Core;Culture;Physics
DASHI.Core.ResidualActionSalienceExact,3,yes,Biology;Core;Governance
DASHI.Core.ReplayArtifactCore,3,yes,Core;Physics;WorldModel
DASHI.Core.ReopenableProjectionComposition,3,yes,Biology;Core;Ontology
DASHI.Core.RelationAlgebraCore,3,yes,Foundations;Governance;Philosophy
DASHI.Core.QueryPromotionResidualBidiExact,3,yes,Core;Physics;Wikimedia
DASHI.Core.ProvenanceSensitiveConsumerAdequacyBidiExact,3,yes,Core;Governance;Interop
DASHI.Core.ProofCarryingRuleApplicationExact,3,yes,Combinatorics;Computation;Foundations
DASHI.Core.ProjectionGrammar,3,yes,Core;Physics;Promotion
DASHI.Core.ProjectionConstructor,3,yes,Algebra;Physics;Promotion
DASHI.Core.ParityLaneOperatorCore,3,yes,Algebra;Core;Interop
DASHI.Core.PairIndexedInformationLossLocusBidiExact,3,yes,Core;Governance;Interop
DASHI.Core.ObserverRefinementExact,3,yes,Core;Hecke;Physics
DASHI.Core.ObserverIncomparabilityTypedJoinExact,3,yes,(root);Culture;Governance
DASHI.Core.ObservationInterventionTrustFibreExact,3,yes,Core;Governance;Planning
DASHI.Core.ObservableContactGeometry,3,yes,Cognition;Core;Physics
DASHI.Core.LugonesPurityCurdlingNonfactorabilityExact,3,yes,Cognition;Core;Culture
DASHI.Core.LoomEncoding,3,yes,(root);Computation;Promotion
DASHI.Core.LiteralFrontierSchedulerExact,3,yes,Analysis;Biology;Physics
DASHI.Core.LevelIndexedProofObligationHyperformalismExact,3,yes,Core;Governance;Interop
DASHI.Core.LacanIrigarayTernaryGrammarBridgeExact,3,yes,Core;Governance;Reasoning
DASHI.Core.KernelOrbit,3,yes,Core;MDL;Trading
DASHI.Core.JointSequentialInformationFidelityPolicyExact,3,yes,Core;Environment;Governance
DASHI.Core.IrigarayLabialRelationalCarrierExact,3,yes,Core;Governance;Reasoning
DASHI.Core.IntersectionalConstraintGeometryExact,3,yes,(root);Core;Culture
DASHI.Core.IdentifiabilityActiveInformationExact,3,yes,Biology;Core;Environment
DASHI.Core.HistoryQualifiedSelectionTopologyExact,3,yes,(root);Culture;Governance
DASHI.Core.HistoryIndexedProofExperimentActionLoopExact,3,yes,Core;Moonshine;Wikimedia
DASHI.Core.HiddenLiftProjectionCore,3,yes,Core;Crypto;Foundations
DASHI.Core.GovernedAdmissibleCostedExperimentChoiceExact,3,yes,(root);Core;Governance
DASHI.Core.FormalisationCompatibilityExact,3,yes,Governance;Interop;Reasoning
DASHI.Core.FiniteStochasticBisimulationExact,3,yes,Biology;Core;Environment
DASHI.Core.FiniteReceiptList,3,yes,Core;Interop;Promotion
DASHI.Core.FibreOrderNonfactorabilityExact,3,yes,Combinatorics;Core;Governance
DASHI.Core.EpistemicSuspensionExact,3,yes,(root);Core;Governance
DASHI.Core.EmpiricalContactReceipt,3,yes,Chemistry;Cognition;Core
DASHI.Core.DominantChartEpistemicCompressionExact,3,yes,Cognition;Core;Law
DASHI.Core.DialecticalMaterialFutureSafetyExact,3,yes,Culture;Interop;Physics
DASHI.Core.DiagnosisExperimentPortfolioBidiExact,3,yes,Biology;Core;Culture
DASHI.Core.DependentRecoverableProjectionExact,3,yes,ComputerScience;Core;Foundations
DASHI.Core.DeliberativeCyberneticLoopBidiExact,3,yes,Cognition;Core;Interop
DASHI.Core.ContextualDialecticRoleExact,3,yes,Core;Culture;Governance
DASHI.Core.ContextIndexedEncoding,3,yes,Biology;Physics;Promotion
DASHI.Core.ContactHamiltonian,3,yes,Cognition;Core;Physics
DASHI.Core.ContactGateCore,3,yes,Core;Physics;WorldModel
DASHI.Core.ConsumerRelativeSymmetryRelevanceExact,3,yes,(root);Analysis;Core
DASHI.Core.ConsumerRelativeReductionKernelExact,3,yes,Biology;Core;Environment
DASHI.Core.ConsentTemporalExternalityExact,3,yes,(root);Core;Governance
DASHI.Core.CommonExperimentRealisationExact,3,yes,Core;Environment;Physics
DASHI.Core.CalibratedExperimentInferenceExact,3,yes,Core;Governance;Physics
DASHI.Core.BoundAcquisitionDemandExact,3,yes,Cognition;Interop;Law
DASHI.Core.BenefitBurdenExternalityDistributionExact,3,yes,(root);Core;Governance
DASHI.Core.AdaptiveFidelityConsumerMarginExact,3,yes,Core;Environment;Geometry
DASHI.Core.ActiveObligationEvidenceFibreExact,3,yes,Education;Governance;Ontology
DASHI.Core.ActionCrossingBraidExact,3,yes,(root);Core;Crypto
DASHI.Constants.Registry,3,yes,Interop;Physics;Promotion
DASHI.Computation.SSSPThreeFrontierBinaryTernaryFactorExact,3,yes,(root);Computation;Reasoning
DASHI.Computation.JacquardProofVisibleSurfaceExact,3,yes,(root);Computation;ComputerScience
DASHI.Combinatorics.TextileFibreHyperfabricExact,3,yes,(root);Combinatorics;Computation
DASHI.Combinatorics.FractranComputationEquivalence,3,yes,Cognition;Combinatorics;GameTheory
DASHI.Combinatorics.FractranCOL,3,yes,Cognition;Combinatorics;Physics
DASHI.Cognition.PhaseEnrichedTrit,3,yes,Cognition;Foundations;Moonshine
DASHI.Cognition.PNF.UnifiedDecisionDynamicsExact,3,yes,Biology;Cognition;Governance
DASHI.Cognition.PNF.SensibLawWrongTypeLegalElementAlgebraExact,3,yes,Cognition;Interop;Law
DASHI.Cognition.PNF.SensibLawMaboCrownRecognitionProjectionNonFactorabilityExact,3,yes,Biology;Cognition;Law
DASHI.Cognition.PNF.SemanticQueryResidualFibreSSSPBridgeExact,3,yes,(root);Cognition;Computation
DASHI.Cognition.PNF.SemanticBracketFractranDivisibilityExact,3,yes,(root);Cognition;Computation
DASHI.Cognition.PNF.ReopenableEvidenceFibre,3,yes,Cognition;Core;Education
DASHI.Cognition.PNF.GenericExpectedFibreRateExact,3,yes,Biology;Cognition;GameTheory
DASHI.Cognition.PNF.DepthWheelMemoryHyperfabric,3,yes,Biology;Cognition;Interop
DASHI.Cognition.PNF.ContextualFractranOccurrenceHyperfabricExact,3,yes,Cognition;Interop;Reasoning
DASHI.Codec.DNAFirstFormalism,3,yes,Codec;DNA;Interop
DASHI.Chemistry.RefineryFeedstockSaltConstraintBidiExact,3,yes,Chemistry;Governance;Planning
DASHI.Chemistry.DrinkingWaterDistributionResidualCorrosionBidiExact,3,yes,Chemistry;Geology;Governance
DASHI.Chemistry.CarbonChemicalSuitabilityLifeBoundaryExact,3,yes,Biology;Chemistry;Programmes
DASHI.Chemistry.AssayDetectionEnvelopeExact,3,yes,(root);Biology;Chemistry
DASHI.Biology.TuringPatternRegimeSurface,3,yes,Analysis;Biology;Cognition
DASHI.Biology.TriadicCarryResidualExact,3,yes,Biology;Physics;Visualisation
DASHI.Biology.TraumaMemoryAttractorPortfolio,3,yes,(root);Biology;Governance
DASHI.Biology.TernaryCyclicDialecticExact,3,yes,Biology;Physics;Visualisation
DASHI.Biology.StudentVoiceEpistemicAgencyBridge,3,yes,Biology;Governance;Reasoning
DASHI.Biology.SporadicTarotDependencyExact,3,yes,(root);Biology;Foundations
DASHI.Biology.SpectralGrokkingLatticeExact,3,yes,Biology;Physics;Reasoning
DASHI.Biology.SocialEcologicalAffordanceConeExact,3,yes,(root);Biology;Planning
DASHI.Biology.SelfIndexingHyperfabricTetrationExact,3,yes,Biology;Cognition;Moonshine
DASHI.Biology.RenderablePadicReasoningFieldExact,3,yes,Biology;Physics;Visualisation
DASHI.Biology.PredictiveMetastabilityTraumaBridge,3,yes,(root);Biology;Reasoning
DASHI.Biology.ParentAllyshipMultiObserverBridge,3,yes,Biology;Governance;Ontology
DASHI.Biology.PadicCylinderLODReasoningField,3,yes,Biology;Topology;Visualisation
DASHI.Biology.Morphogenesis.ReactionDiffusionHodgeBridge,3,yes,Analysis;Biology;Physics
DASHI.Biology.Levin.ProblemSpaceAgency,3,yes,Biology;Governance;Planning
DASHI.Biology.Levin.ConstitutiveInteractiveAutonomy,3,yes,Biology;Governance;Planning
DASHI.Biology.IntersectionalLongitudinalResidualDynamics,3,yes,Biology;Empirical;Governance
DASHI.Biology.FRACTRANSSPTransitionExact,3,yes,Biology;Cognition;Foundations
DASHI.Biology.EducationCorpusSourceRegistry,3,yes,Biology;Governance;Ontology
DASHI.Biology.DASHIYijingTernaryDivinationExact,3,yes,Biology;Governance;Physics
DASHI.Biology.ConsciousAccessRound4SourceAtlas,3,yes,Biology;GameTheory;Physics
DASHI.Biology.ChildAuthorityTraumaSourceAtlas,3,yes,(root);Biology;Governance
DASHI.Biology.BodyMemoryCompiledInverseBridge,3,yes,Biology;Cognition;Interop
DASHI.Biology.BalancedTernaryHarmonicCarrierExact,3,yes,Biology;Foundations;Moonshine
DASHI.Biology.AvianCompassSurface,3,yes,Biology;Interop;Reasoning
DASHI.Arithmetic.WeightedValuationEnergy,3,yes,Analysis;Arithmetic;Physics
DASHI.Arithmetic.WeightedPressure,3,yes,Arithmetic;Metric;Physics
DASHI.Arithmetic.M9MDLBraidEvaluation,3,yes,(root);Biology;Combinatorics
DASHI.Architecture.SemiconductorBuiltEnvironmentCrossPollinationExact,3,yes,(root);Economics;Environment
DASHI.Analysis.TerminalConstructedAnalyticModel,3,yes,Algebra;Foundations;Unified
DASHI.Analysis.StrictContractionUniqueness,3,yes,Analysis;Biology;Physics
DASHI.Analysis.StoichiometricConservation,3,yes,Analysis;Biology;Chemistry
DASHI.Analysis.RiemannG2CommonC3DeterminantCovarianceCompilerExact,3,yes,(root);Analysis;Core
DASHI.Analysis.RiemannG2C3ToScalarRouteCutExact,3,yes,(root);Analysis;Core
DASHI.Analysis.RiemannG2C3MonsterEquivarianceAuditExact,3,yes,(root);Analysis;Core
DASHI.Analysis.RiemannG2C3FixedNuisanceDeterminantNoGo369Exact,3,yes,(root);Analysis;Core
DASHI.Analysis.OrdinaryTranscendentalRealization,3,yes,Analysis;Foundations;Physics
DASHI.Analysis.OrdinaryComplexPolar,3,yes,Analysis;Moonshine;Physics
DASHI.Analysis.NormalizedFibreAveragingExact,3,yes,Analysis;Cognition;Moonshine
DASHI.Analysis.MetricConvergenceKernelBidiExact,3,yes,Analysis;Biology;Physics
DASHI.Analysis.MarxHigherCalculus,3,yes,Analysis;Governance;Physics
DASHI.Analysis.FiniteOperatorReductionCore,3,yes,Analysis;Biology;Physics
DASHI.Analysis.FastCauchyReals,3,yes,Analysis;Foundations;Physics
DASHI.Analysis.DissipationPathMonotonicity,3,yes,Analysis;Biology;Physics
DASHI.Analysis.DeBruijnNewman2026SourceWeldExact,3,yes,(root);Analysis;Core
DASHI.Algebra.TriadicFiniteArithmetic,3,yes,Algebra;Biology;Physics
DASHI.Algebra.TriadicDepthTwoCyclotomicDFT,3,yes,Algebra;Analysis;Physics
DASHI.Algebra.StageQuotient,3,yes,Algebra;Interop;Promotion
DASHI.Algebra.Quantum.UVFiniteness,3,yes,Algebra;Examples;Quantum
DASHI.Algebra.Quantum.QuantumFourierTransformFinite,3,yes,Algebra;ComputerScience;Crypto
DASHI.Algebra.Quantum.FiniteTreeWeyl,3,yes,Algebra;Empirical;Unified
DASHI.Algebra.Quantum.FiniteQutrit,3,yes,Algebra;ComputerScience;Promotion
DASHI.Algebra.Quantum.FiniteQuantumRegister,3,yes,Algebra;ComputerScience;Crypto
DASHI.Algebra.Jacobian.InvertibilityStrata,3,yes,Algebra;Analysis;Physics
DASHI.Algebra.ConstraintAlgebraClosureTests,3,yes,Algebra;Examples;Quantum
DASHI.Algebra.Clifford.UniversalProperty,3,yes,Algebra;Examples;Physics
