path,source_date
AgdaCheck/DASHI/Algebra/BalancedTernary.lean,2026-08-30
AgdaCheck/DASHI/Algebra/GaugeGroupContract.lean,2026-08-30
AgdaCheck/DASHI/Algebra/Trit.lean,2026-08-30
AgdaCheck/DASHI/Arithmetic/CancellationPressureBound.lean,2026-08-30
AgdaCheck/DASHI/Arithmetic/CancellationPressureCore.lean,2026-08-30
AgdaCheck/DASHI/Arithmetic/CancellationPressureLyapunovBridge.lean,2026-08-30
AgdaCheck/DASHI/Arithmetic/CancellationPressureMDL.lean,2026-08-30
AgdaCheck/DASHI/Biology/AliceEngagementInterventionSourceRegistry.lean,2026-08-30
AgdaCheck/DASHI/Biology/AnimalexicAnimalUtteranceSurface.lean,2026-08-30
AgdaCheck/DASHI/Biology/AvianCompassExamples.lean,2026-08-30
AgdaCheck/DASHI/Biology/AvianCompassSurface.lean,2026-08-30
AgdaCheck/DASHI/Biology/BodyKeepsScoreResidualBridge.lean,2026-08-30
AgdaCheck/DASHI/Biology/BodyMemoryMeasurementProxyBoundary.lean,2026-08-30
AgdaCheck/DASHI/Biology/CrossPaperDialecticalDevelopment.lean,2026-08-30
AgdaCheck/DASHI/Biology/CrossSpeciesOntologyTranslationBridge.lean,2026-08-30
AgdaCheck/DASHI/Biology/EcologyOfDataHyperfabricBridge.lean,2026-08-30
AgdaCheck/DASHI/Biology/EducationCorpusSourceRegistry.lean,2026-08-30
AgdaCheck/DASHI/Biology/EvolvedSensoryTransport.lean,2026-08-30
AgdaCheck/DASHI/Biology/FeedbackNonResponseGovernance.lean,2026-08-30
AgdaCheck/DASHI/Biology/GoodSoTLWellFormedness.lean,2026-08-30
AgdaCheck/DASHI/Biology/HumanCodingMachineCompilationBridge.lean,2026-08-30
AgdaCheck/DASHI/Biology/HumourOnlineEngagementFramework.lean,2026-08-30
AgdaCheck/DASHI/Biology/HyperfabricIntersectionalBodyMemoryBridge.lean,2026-08-30
AgdaCheck/DASHI/Biology/InterpretiveCodingSystem.lean,2026-08-30
AgdaCheck/DASHI/Biology/IntersectionalFeedbackPrivacyBoundary.lean,2026-08-30
AgdaCheck/DASHI/Biology/IntersectionalLongitudinalResidualDynamics.lean,2026-08-30
AgdaCheck/DASHI/Biology/InterventionConsentLongitudinalGovernance.lean,2026-08-30
AgdaCheck/DASHI/Biology/Levin/CompetentGoalExecution.lean,2026-08-30
AgdaCheck/DASHI/Biology/Levin/ConstitutiveInteractiveAutonomy.lean,2026-08-30
AgdaCheck/DASHI/Biology/Levin/FungalNetworkAgencyBoundary.lean,2026-08-30
AgdaCheck/DASHI/Biology/Levin/MultiscaleIdentityDissociation.lean,2026-08-30
AgdaCheck/DASHI/Biology/Levin/MycelialTransportTopology.lean,2026-08-30
AgdaCheck/DASHI/Biology/Levin/NicheConstructionProblemSpace.lean,2026-08-30
AgdaCheck/DASHI/Biology/Levin/ProblemSpaceAgency.lean,2026-08-30
AgdaCheck/DASHI/Biology/Levin/SeparableBoundaryPersistence.lean,2026-08-30
AgdaCheck/DASHI/Biology/Levin/TravelingWaveComputationBoundary.lean,2026-08-30
AgdaCheck/DASHI/Biology/LongitudinalEngagementTrajectory.lean,2026-08-30
AgdaCheck/DASHI/Biology/NeurochemicalVocabularyReceipt.lean,2026-08-30
AgdaCheck/DASHI/Biology/OEFMultiFibreFeedbackHyperfabric.lean,2026-08-30
AgdaCheck/DASHI/Biology/OEFOverlapAnalytics.lean,2026-08-30
AgdaCheck/DASHI/Biology/ParentAllyshipMultiObserverBridge.lean,2026-08-30
AgdaCheck/DASHI/Biology/PedagogicalJPlusOneRouting.lean,2026-08-30
AgdaCheck/DASHI/Biology/PredictiveMetastabilityTraumaBridge.lean,2026-08-30
AgdaCheck/DASHI/Biology/RetinalPerturbationObservationBridge.lean,2026-08-30
AgdaCheck/DASHI/Biology/StudentEngagementEvidenceBridge.lean,2026-08-30
AgdaCheck/DASHI/Cognition/PNF/DemandResolutionState.lean,2026-08-30
AgdaCheck/DASHI/Cognition/PNF/DependencyDerivedOccurrenceIdentityExact.lean,2026-08-30
AgdaCheck/DASHI/Cognition/PNF/FreshReplayAuthorityAdmissionExact.lean,2026-08-30
AgdaCheck/DASHI/Cognition/PNF/FreshReplayAuthorityAdmissionRegression.lean,2026-08-30
AgdaCheck/DASHI/Cognition/PNF/NumericAuthority.lean,2026-08-30
AgdaCheck/DASHI/Cognition/PNF/ProducerCertifiedReferenceAdmissionExact.lean,2026-08-30
AgdaCheck/DASHI/Cognition/PNF/ProducerCertifiedReferenceAdmissionRegression.lean,2026-08-30
AgdaCheck/DASHI/Cognition/PNF/ProducerCertifiedTokenReferenceFibreExact.lean,2026-08-30
AgdaCheck/DASHI/Cognition/PNF/ProducerCertifiedTokenReferenceFibreRegression.lean,2026-08-30
AgdaCheck/DASHI/Cognition/PNF/ProducerCompleteDependencyProjectionExact.lean,2026-08-30
AgdaCheck/DASHI/Cognition/PNF/ProducerCompleteDependencyProjectionRegression.lean,2026-08-30
AgdaCheck/DASHI/Core/AdapterCanonicalityCore.lean,2026-08-30
AgdaCheck/DASHI/Core/AuthorityBoundary.lean,2026-08-30
AgdaCheck/DASHI/Core/AuthorityNonPromotionCore.lean,2026-08-30
AgdaCheck/DASHI/Core/BridgeRequirementCore.lean,2026-08-30
AgdaCheck/DASHI/Core/CandidateFunctionalCore.lean,2026-08-30
AgdaCheck/DASHI/Core/CandidateOnlyCore.lean,2026-08-30
AgdaCheck/DASHI/Core/ConditionalMarginalReversalExact.lean,2026-08-30
AgdaCheck/DASHI/Core/ConsumerIndexedRelevanceMeasure.lean,2026-08-30
AgdaCheck/DASHI/Core/EmptyPromotionCore.lean,2026-08-30
AgdaCheck/DASHI/Core/EvenLaneOperatorCore.lean,2026-08-30
AgdaCheck/DASHI/Core/FibreRestrictionCore.lean,2026-08-30
AgdaCheck/DASHI/Core/FiniteReceiptList.lean,2026-08-30
AgdaCheck/DASHI/Core/FormalLensQualificationCore.lean,2026-08-30
AgdaCheck/DASHI/Core/FormalLensVocabularyCore.lean,2026-08-30
AgdaCheck/DASHI/Core/GenericReceipt.lean,2026-08-30
AgdaCheck/DASHI/Core/HiddenLiftProjectionCore.lean,2026-08-30
AgdaCheck/DASHI/Core/MinimalSufficientResidual.lean,2026-08-30
AgdaCheck/DASHI/Core/OddGrassmannLaneCore.lean,2026-08-30
AgdaCheck/DASHI/Core/OperatorShapeNonAuthorityCore.lean,2026-08-30
AgdaCheck/DASHI/Core/ParityLaneOperatorCore.lean,2026-08-30
AgdaCheck/DASHI/Core/ParticipationSelectionQuotient.lean,2026-08-30
AgdaCheck/DASHI/Core/PossibilityAccessibilitySupport.lean,2026-08-30
AgdaCheck/DASHI/Core/RelationalHypervoxelBraidCore.lean,2026-08-30
AgdaCheck/DASHI/Core/RelevanceDistortionRefinement.lean,2026-08-30
AgdaCheck/DASHI/Core/ReopenableProjectionComposition.lean,2026-08-30
AgdaCheck/DASHI/Culture/IntersectionalPowerValueFolkModelBoundary.lean,2026-08-30
AgdaCheck/DASHI/Culture/PatternMindReciprocityLoveBridge.lean,2026-08-30
AgdaCheck/DASHI/Culture/SemioticPhallicLackAmalekBridge.lean,2026-08-30
AgdaCheck/DASHI/Education/EarlyLearningComparativeEvidenceRound2SourceRegistry.lean,2026-08-30
AgdaCheck/DASHI/Education/EarlyLearningComparativeEvidenceSourceRegistry.lean,2026-08-30
AgdaCheck/DASHI/Education/EarlyLearningIntersectionalSourceRegistry.lean,2026-08-30
AgdaCheck/DASHI/Education/RelationalEducationGateAlgebra.lean,2026-08-30
AgdaCheck/DASHI/Education/RoseContextLearningSourceBoundary.lean,2026-08-30
AgdaCheck/DASHI/Foundations/JChartSuccessorBoundary.lean,2026-08-30
AgdaCheck/DASHI/FullRelationalFlowRepairHyperfabric.lean,2026-08-30
AgdaCheck/DASHI/Geometry/FiniteSpeed.lean,2026-08-30
AgdaCheck/DASHI/Geometry/RealFiniteSpeed/Core.lean,2026-08-30
AgdaCheck/DASHI/Geometry/TimeOrientation.lean,2026-08-30
AgdaCheck/DASHI/Geometry/TriadicEllipticModuliGate.lean,2026-08-30
AgdaCheck/DASHI/Governance/AmalekProvenanceRoleBinding.lean,2026-08-30
AgdaCheck/DASHI/Governance/CyberneticClinicalInstitutionalRepairBridge.lean,2026-08-30
AgdaCheck/DASHI/Governance/HealthcareAccessDistortion.lean,2026-08-30
AgdaCheck/DASHI/Governance/HealthcareEqualityInvariant.lean,2026-08-30
AgdaCheck/DASHI/Governance/InstitutionalContinuityRepairArithmetic.lean,2026-08-30
AgdaCheck/DASHI/Governance/MedicalCannabisPresenceImpairmentBoundary.lean,2026-08-30
AgdaCheck/DASHI/Governance/PublicEssentialCareDoctrineBoundary.lean,2026-08-30
AgdaCheck/DASHI/Interop/ObservationTransportSpine.lean,2026-08-30
AgdaCheck/DASHI/Interop/SpectralOperatorShapeCore.lean,2026-08-30
AgdaCheck/DASHI/Interop/VectorNonAuthorityCore.lean,2026-08-30
AgdaCheck/DASHI/MDL/CodeLengths.lean,2026-08-30
AgdaCheck/DASHI/MDL/MDLLyapunov.lean,2026-08-30
AgdaCheck/DASHI/Ontology/EpistemicTrit.lean,2026-08-30
AgdaCheck/DASHI/Ontology/LeanWikidataFullSourceManifest.lean,2026-08-30
AgdaCheck/DASHI/Ontology/LeanWikidataSourceSnapshot.lean,2026-08-30
AgdaCheck/DASHI/Ontology/WikidataAnimalSemanticJoinLayer.lean,2026-08-30
AgdaCheck/DASHI/Ontology/WikidataCheckerResultAttributionExact.lean,2026-08-30
AgdaCheck/DASHI/Philosophy/PatternPreservingTeaching.lean,2026-08-30
AgdaCheck/DASHI/Physics/Boundaries/GribovResolutionAuthorityReceipt.lean,2026-08-30
AgdaCheck/DASHI/Physics/Closure/BTBoundaryCrossSectionRows.lean,2026-08-30
AgdaCheck/DASHI/Physics/Closure/BTCanonicalNeckAnalogue.lean,2026-08-30
AgdaCheck/DASHI/Physics/Closure/Basin.lean,2026-08-30
AgdaCheck/DASHI/Physics/Closure/BraidGroupedKPReceipt.lean,2026-08-30
AgdaCheck/DASHI/Physics/Closure/BruhatTitsBraidKPReductionReceipt.lean,2026-08-30
AgdaCheck/DASHI/Physics/Closure/BruhatTitsProductTreeReceipt.lean,2026-08-30
AgdaCheck/DASHI/Physics/Closure/CanonicalCodecAtomReceipt.lean,2026-08-30
AgdaCheck/DASHI/Physics/Closure/CarrierBraidStructureReceipt.lean,2026-08-30
AgdaCheck/DASHI/Physics/Closure/CarrierLatticeYMDefinitionReceipt.lean,2026-08-30
AgdaCheck/DASHI/Physics/Closure/DialecticalAccumulationReceipt.lean,2026-08-30
AgdaCheck/DASHI/Physics/Closure/DialecticalBraidDepthReceipt.lean,2026-08-30
AgdaCheck/DASHI/Physics/Closure/DialecticalTetrationScaleReceipt.lean,2026-08-30
AgdaCheck/DASHI/Physics/Closure/DynamicalClosureStatus.lean,2026-08-30
AgdaCheck/DASHI/Physics/Closure/FiniteCarrierSpectralGapZ7Receipt.lean,2026-08-30
AgdaCheck/DASHI/Physics/Closure/FiniteCuspHeckeSpectralFrontierReceipt.lean,2026-08-30
AgdaCheck/DASHI/Physics/Closure/FullAtomWithSpinPressureReceipt.lean,2026-08-30
AgdaCheck/DASHI/Physics/Closure/HEPDataObservableDefinitionReceipt.lean,2026-08-30
AgdaCheck/DASHI/Physics/Closure/HEPDataResidualBridgeWorkerQueue.lean,2026-08-30
AgdaCheck/DASHI/Physics/Closure/HEPDataResidualSourceCandidateDiagnostic.lean,2026-08-30
AgdaCheck/DASHI/Physics/Closure/HaarWaveletEmbeddingReceipt.lean,2026-08-30
AgdaCheck/DASHI/Physics/Closure/HolographicBulkBoundaryReceipt.lean,2026-08-30
AgdaCheck/DASHI/Physics/Closure/IntersectionalPressureAnisotropyReceipt.lean,2026-08-30
AgdaCheck/DASHI/Physics/Closure/KnownLimitsRecovery.lean,2026-08-30
AgdaCheck/DASHI/Physics/Closure/KnownLimitsStatus.lean,2026-08-30
AgdaCheck/DASHI/Physics/Closure/MillenniumTowerSchemaReceipt.lean,2026-08-30
AgdaCheck/DASHI/Physics/Closure/NoSpectralPollutionReceipt.lean,2026-08-30
AgdaCheck/DASHI/Physics/Closure/OSAxiomAvailability.lean,2026-08-30
AgdaCheck/DASHI/Physics/Closure/PhotonuclearEmpiricalConstantsRegistry.lean,2026-08-30
AgdaCheck/DASHI/Physics/Closure/Projection.lean,2026-08-30
AgdaCheck/DASHI/Physics/Closure/ReflectionPositivityForWilsonReceipt.lean,2026-08-30
AgdaCheck/DASHI/Physics/Closure/SensoryAttractorClasses.lean,2026-08-30
AgdaCheck/DASHI/Physics/Closure/SignedZeroTorsionReceipt.lean,2026-08-30
AgdaCheck/DASHI/Physics/Closure/SpacetimeLatticeFromCarrierDepthReceipt.lean,2026-08-30
AgdaCheck/DASHI/Physics/Closure/SpectralConvergenceGate3Receipt.lean,2026-08-30
AgdaCheck/DASHI/Physics/Closure/TriadicRepresentationMDL.lean,2026-08-30
AgdaCheck/DASHI/Physics/Closure/Validation/ObservableCollapse.lean,2026-08-30
AgdaCheck/DASHI/Physics/Closure/W4W5AcceptedDYLuminosityConventionDiagnostic.lean,2026-08-30
AgdaCheck/DASHI/Physics/Closure/WilsonActionOn3PlusOneLatticeReceipt.lean,2026-08-30
AgdaCheck/DASHI/Physics/Closure/WilsonBetaFromCSLevelReceipt.lean,2026-08-30
AgdaCheck/DASHI/Physics/Constraints/Generators.lean,2026-08-30
AgdaCheck/DASHI/Physics/FiniteAlgebraCandidates.lean,2026-08-30
AgdaCheck/DASHI/Physics/QFT/CSLevelFlowFullReceipt.lean,2026-08-30
AgdaCheck/DASHI/Physics/QFT/DHRThermodynamicLimitBoundary.lean,2026-08-30
AgdaCheck/DASHI/Physics/UniversalityTheorem.lean,2026-08-30
AgdaCheck/DASHI/Promotion/AuthorityGateCore.lean,2026-08-30
AgdaCheck/DASHI/Reasoning/CarryMemorySubvoxelReceipt.lean,2026-08-30
AgdaCheck/JFixedPoint.lean,2026-08-30
AgdaCheck/Kernel/Algebra.lean,2026-08-30
AgdaCheck/Ultrametric.lean,2026-08-30
AgdaMirror/Algebra.lean,2026-08-30
AgdaMirror/Analysis.lean,2026-08-30
AgdaMirror/Core.lean,2026-08-30
AgdaVendor/DASHI/Algebra/BalancedTernary.lean,2026-08-30
AgdaVendor/DASHI/Algebra/Trit.lean,2026-08-30
AgdaVendor/DASHI/Arithmetic/CancellationPressureCore.lean,2026-08-30
AgdaVendor/DASHI/Biology/AvianCompassSurface.lean,2026-08-30
AgdaVendor/DASHI/Biology/EducationCorpusSourceRegistry.lean,2026-08-30
AgdaVendor/DASHI/Biology/ParentAllyshipMultiObserverBridge.lean,2026-08-30
AgdaVendor/DASHI/Cognition/PNF/NumericAuthority.lean,2026-08-30
AgdaVendor/DASHI/Core/AuthorityBoundary.lean,2026-08-30
AgdaVendor/DASHI/Core/ConsumerIndexedRelevanceMeasure.lean,2026-08-30
AgdaVendor/DASHI/Core/FibreRestrictionCore.lean,2026-08-30
AgdaVendor/DASHI/Core/PossibilityAccessibilitySupport.lean,2026-08-30
AgdaVendor/DASHI/Foundations/Base369Nat.lean,2026-08-30
AgdaVendor/DASHI/Geometry/TimeOrientation.lean,2026-08-30
AgdaVendor/DASHI/Interop/ObservationTransportSpine.lean,2026-08-30
AgdaVendor/DASHI/MDL/CodeLengths.lean,2026-08-30
AgdaVendor/DASHI/Ontology/EpistemicTrit.lean,2026-08-30
AgdaVendor/DASHI/Ontology/LeanWikidataFullSourceManifest.lean,2026-08-30
AgdaVendor/DASHI/Ontology/LeanWikidataSourceSnapshot.lean,2026-08-30
AgdaVendor/DASHI/Physics/Closure/DialecticalBraidDepthReceipt.lean,2026-08-30
AgdaVendor/DASHI/Physics/Closure/DynamicalClosureStatus.lean,2026-08-30
AgdaVendor/DASHI/Physics/Closure/KnownLimitsStatus.lean,2026-08-30
AgdaVendor/DASHI/Physics/Closure/OSAxiomAvailability.lean,2026-08-30
AgdaVendor/DASHI/Physics/Closure/SensoryAttractorClasses.lean,2026-08-30
AgdaVendor/DASHI/Physics/Constraints/Generators.lean,2026-08-30
AgdaVendor/DASHI/Physics/QFT/CSLevelFlowFullReceipt.lean,2026-08-30
Artifacts/introspective-visual/VisionReceipt.lean,2026-08-31
JMD - Full Stack Architecture_aristotle/RequestProject/Main.lean,2026-08-30
JMD - Full Stack Architecture_aristotle/RequestProject/MonsterMoonshine.lean,2026-08-30
RequestProject/Agda/Prelude.lean,2026-08-30
RequestProject/Agda/Syntax.lean,2026-08-30
RequestProject/Agda/Verbatim.lean,2026-08-30
RequestProject/Alignment.lean,2026-08-30
RequestProject/All.lean,2026-08-30
RequestProject/Anatomy.lean,2026-07-04
RequestProject/AnatomySVG.lean,2026-07-04
RequestProject/Anim3D.lean,2026-08-30
RequestProject/ArchimedesDelta.lean,2026-08-30
RequestProject/ArchimedesNinetySix.lean,2026-08-30
RequestProject/ArchimedesSpin.lean,2026-08-30
RequestProject/AristoTask.lean,2026-07-04
RequestProject/AristotleExporter.lean,2026-06-16
RequestProject/ArtinSchreier.lean,2026-08-30
RequestProject/AtlasGuide.lean,2026-07-04
RequestProject/BabySteps.lean,2026-08-30
RequestProject/BabyStepsAlignment.lean,2026-08-30
RequestProject/BabyStepsProperties.lean,2026-08-30
RequestProject/BaseGeneral.lean,2026-08-30
RequestProject/BigFieldSizeScan.lean,2026-08-30
RequestProject/CRTTorus.lean,2026-07-04
RequestProject/CategoryOfOntologies.lean,2026-08-30
RequestProject/CenterRetractionAtlas.lean,2026-08-30
RequestProject/CenterRetractionHeredity.lean,2026-08-30
RequestProject/CenterRetractionMore.lean,2026-08-30
RequestProject/CenterRetractionPerm.lean,2026-08-30
RequestProject/CenterRetractionPi.lean,2026-08-30
RequestProject/CenterRetractionProd.lean,2026-08-30
RequestProject/CenterRetractionSharpness.lean,2026-08-30
RequestProject/CenterRetractionSmall.lean,2026-08-30
RequestProject/CenterRetractionSplit.lean,2026-08-30
RequestProject/ClassAlgebra.lean,2026-08-30
RequestProject/Cli/Codegen.lean,2026-08-30
RequestProject/Cli/Derive.lean,2026-08-30
RequestProject/Cli/Enrich.lean,2026-08-30
RequestProject/Cli/EnrichCmd.lean,2026-08-30
RequestProject/Cli/Examples.lean,2026-08-30
RequestProject/Cli/Fetch.lean,2026-08-30
RequestProject/Cli/Format.lean,2026-08-30
RequestProject/Cli/Import.lean,2026-08-30
RequestProject/Cli/Query.lean,2026-08-30
RequestProject/Cli/ScanFormat.lean,2026-08-30
RequestProject/Cli/SeriesFormat.lean,2026-08-30
RequestProject/Cli/TaxaFormat.lean,2026-08-30
RequestProject/Cli/Tool.lean,2026-08-30
RequestProject/CompiledFacts.lean,2026-08-30
RequestProject/CompilerPipeline.lean,2026-08-30
RequestProject/Concepts.lean,2026-08-30
RequestProject/ConformalField.lean,2026-07-04
RequestProject/ConformalFieldSVG.lean,2026-07-04
RequestProject/CorpusEntailment.lean,2026-08-30
RequestProject/CorpusFrontier.lean,2026-08-30
RequestProject/CorpusGraph.lean,2026-07-04
RequestProject/CorpusRounds.lean,2026-08-30
RequestProject/Cosmos.lean,2026-07-04
RequestProject/CubicalTypes.lean,2026-08-30
RequestProject/CyclicAlgebra.lean,2026-08-30
RequestProject/Dasl.lean,2026-07-04
RequestProject/DeclWeave.lean,2026-07-04
RequestProject/DeclWeaveSVG.lean,2026-07-04
RequestProject/DefTest.lean,2026-08-30
RequestProject/DefectReport.lean,2026-08-30
RequestProject/Defects.lean,2026-08-30
RequestProject/DeltaDissection.lean,2026-08-30
RequestProject/DeltaFrobenius.lean,2026-08-30
RequestProject/DeltaGraph.lean,2026-08-30
RequestProject/DeltaTriangles.lean,2026-08-30
RequestProject/DeltaWordGraphs.lean,2026-08-30
RequestProject/Diagnostics.lean,2026-08-30
RequestProject/DihedralCenterRetraction.lean,2026-08-30
RequestProject/DihedralInfinite.lean,2026-08-30
RequestProject/DisjointUnion.lean,2026-08-30
RequestProject/DualAtlas.lean,2026-07-04
RequestProject/DualAtlasCensus.lean,2026-07-04
RequestProject/DualAtlasReports.lean,2026-07-04
RequestProject/DualAtlasSVG.lean,2026-07-04
RequestProject/DualDeformSVG.lean,2026-07-04
RequestProject/DualFailureCensus.lean,2026-08-30
RequestProject/DuplicateGlossary.lean,2026-07-04
RequestProject/Engine.lean,2026-08-30
RequestProject/Enrichment.lean,2026-08-30
RequestProject/EnrichmentCorpus.lean,2026-08-30
RequestProject/EnvEmbedding.lean,2026-07-04
RequestProject/EnvWeave.lean,2026-07-04
RequestProject/EnvWeaveSVG.lean,2026-07-04
RequestProject/Epistemic/Authority.lean,2026-08-30
RequestProject/Epistemic/AxisSupport.lean,2026-08-30
RequestProject/Epistemic/Bridge.lean,2026-08-30
RequestProject/Epistemic/Context.lean,2026-08-30
RequestProject/Epistemic/ContextErasure.lean,2026-08-30
RequestProject/Epistemic/FourView.lean,2026-08-30
RequestProject/Epistemic/Lens.lean,2026-08-30
RequestProject/Epistemic/ObligationAuthority.lean,2026-08-30
RequestProject/Epistemic/ObserverJoin.lean,2026-08-30
RequestProject/Epistemic/Opposition.lean,2026-08-30
RequestProject/Epistemic/ParentingEvidence.lean,2026-08-30
RequestProject/Epistemic/PathEvidence.lean,2026-08-30
RequestProject/Epistemic/QueryEvidence.lean,2026-08-30
RequestProject/Epistemic/Quotient.lean,2026-08-30
RequestProject/Epistemic/Repair.lean,2026-08-30
RequestProject/Epistemic/Surfaces.lean,2026-08-30
RequestProject/Epistemic/Tetralemma.lean,2026-08-30
RequestProject/Epistemic/ValueEvidence.lean,2026-08-30
RequestProject/Epistemic/Views.lean,2026-08-30
RequestProject/EuclidTiling.lean,2026-08-30
RequestProject/Examples.lean,2026-08-30
RequestProject/ExprAddress.lean,2026-07-04
RequestProject/ExprAddressCorpus.lean,2026-07-04
RequestProject/ExprAddressSVG.lean,2026-07-04
RequestProject/ExtendedPrimes.lean,2026-08-30
RequestProject/ExtendedPrimesSvg.lean,2026-08-30
RequestProject/ExtensionTowerTree.lean,2026-08-30
RequestProject/ExternalIds.lean,2026-08-30
RequestProject/EyeCandy.lean,2026-08-30
RequestProject/FastEval.lean,2026-08-30
RequestProject/FeedbackSets.lean,2026-08-30
RequestProject/FibVortex.lean,2026-08-30
RequestProject/FiberColors.lean,2026-08-30
RequestProject/FiberHome.lean,2026-07-04
RequestProject/FiberSumSvg.lean,2026-08-30
RequestProject/FiberSumTable.lean,2026-08-30
RequestProject/FiberSums.lean,2026-08-30
RequestProject/FiberSumsMulti.lean,2026-08-30
RequestProject/FiberSumsSingle.lean,2026-08-30
RequestProject/FiberSvg.lean,2026-08-30
RequestProject/FieldSizeScan.lean,2026-08-30
RequestProject/FieldsOfStudy.lean,2026-08-30
RequestProject/FractranBiome.lean,2026-07-04
RequestProject/FractranBiomeSVG.lean,2026-07-04
RequestProject/FractranWalk.lean,2026-07-04
RequestProject/FrobeniusAutomorphismGroup.lean,2026-08-30
RequestProject/FrobeniusGalois.lean,2026-08-30
RequestProject/FrobeniusOrbit.lean,2026-08-30
RequestProject/FrobeniusTrace.lean,2026-08-30
RequestProject/FrobeniusTransfer.lean,2026-08-30
RequestProject/GF27ArtinSchreier.lean,2026-08-30
RequestProject/GF27Subfields.lean,2026-08-30
RequestProject/GF9Repair.lean,2026-08-30
RequestProject/GearTopology.lean,2026-07-04
RequestProject/GeneralLinearCenterRetraction.lean,2026-08-30
RequestProject/GeneralLinearEven.lean,2026-08-30
RequestProject/GeneralLinearPositive.lean,2026-08-30
RequestProject/Generated/Chemistry.lean,2026-08-30
RequestProject/Generated/Core.lean,2026-08-30
RequestProject/Generated/CreativeWorks.lean,2026-08-30
RequestProject/Generated/DouglasAdams.lean,2026-08-30
RequestProject/Generated/Enriched.lean,2026-08-30
RequestProject/Generated/Events.lean,2026-08-30
RequestProject/Generated/Frontier.lean,2026-08-30
RequestProject/Generated/Frontier2.lean,2026-08-30
RequestProject/Generated/Frontier3.lean,2026-08-30
RequestProject/Generated/Frontier4.lean,2026-08-30
RequestProject/Generated/Geography.lean,2026-08-30
RequestProject/Generated/Glossary.lean,2026-08-30
RequestProject/Generated/KbTerms.lean,2026-08-30
RequestProject/Generated/KnowledgeRepresentation.lean,2026-08-30
RequestProject/Generated/LifeSciences.lean,2026-08-30
RequestProject/Generated/Mathematics.lean,2026-08-30
RequestProject/Generated/RelatedStructures.lean,2026-08-30
RequestProject/Generated/RelatedStructures2.lean,2026-08-30
RequestProject/Generated/Science.lean,2026-08-30
RequestProject/Generated/Society.lean,2026-08-30
RequestProject/Generated/Structures.lean,2026-08-30
RequestProject/Generated/Technology.lean,2026-08-30
RequestProject/Generated/Theories.lean,2026-08-30
RequestProject/Generated/TheoryAuthority.lean,2026-08-30
RequestProject/Generated/TheorySitelinks.lean,2026-08-30
RequestProject/Generated/TheorySources.lean,2026-08-30
RequestProject/Generated/UpperOntology.lean,2026-08-30
RequestProject/Generated/VocabularyCorpus.lean,2026-08-30
RequestProject/GrothendieckSite.lean,2026-08-30
RequestProject/Grounded.lean,2026-08-30
RequestProject/Grounding.lean,2026-08-30
RequestProject/Heatmap3D.lean,2026-08-30
RequestProject/HeckeGeneral.lean,2026-08-30
RequestProject/HeckeShapeSvg.lean,2026-08-30
RequestProject/HeckeShapeTable.lean,2026-08-30
RequestProject/HeckeShapes.lean,2026-08-30
RequestProject/HeckeWords.lean,2026-08-30
RequestProject/HilbertNinety.lean,2026-08-30
RequestProject/Holograms.lean,2026-07-04
RequestProject/HomotopyTypes.lean,2026-08-30
RequestProject/Infographic.lean,2026-08-30
RequestProject/Introspect.lean,2026-07-04
RequestProject/IntrospectSVG.lean,2026-07-04
RequestProject/Introspection.lean,2026-08-30
RequestProject/Irrep170.lean,2026-07-04
RequestProject/Irrep194.lean,2026-07-04
RequestProject/IrrepFold.lean,2026-07-04
RequestProject/IrrepGears.lean,2026-07-04
RequestProject/ItemMerge.lean,2026-08-30
RequestProject/JExpansion.lean,2026-07-04
RequestProject/KbTerms.lean,2026-08-30
RequestProject/KernelReflection.lean,2026-08-30
RequestProject/Kinship.lean,2026-08-30
RequestProject/KinshipDiagnostics.lean,2026-08-30
RequestProject/Lessons.lean,2026-08-30
RequestProject/Lexemes.lean,2026-08-30
RequestProject/MathCorpus.lean,2026-08-30
RequestProject/MathResonance.lean,2026-08-30
RequestProject/Mereology.lean,2026-08-30
RequestProject/Merge.lean,2026-08-30
RequestProject/MetaFrobenius.lean,2026-08-30
RequestProject/ModularGraph.lean,2026-08-30
RequestProject/ModularSvg.lean,2026-08-30
RequestProject/ModularZeta.lean,2026-08-30
RequestProject/ModularZetaSvg.lean,2026-08-30
RequestProject/MonsterAddress.lean,2026-07-04
RequestProject/MonsterBitmap.lean,2026-07-04
RequestProject/MonsterBitmapSVG.lean,2026-07-04
RequestProject/MonsterOrrerySVG.lean,2026-07-04
RequestProject/MonsterReach.lean,2026-07-04
RequestProject/MonsterSpiral.lean,2026-08-30
RequestProject/MonsterSpiral3D.lean,2026-08-30
RequestProject/MonsterSpiral3DAnim.lean,2026-08-30
RequestProject/MonsterSpiral3DSvg.lean,2026-08-30
RequestProject/MonsterSpiralSvg.lean,2026-08-30
RequestProject/MonsterZeta.lean,2026-08-30
RequestProject/Moonshine.lean,2026-07-04
RequestProject/Moonshine369.lean,2026-08-30
RequestProject/MoonshineAddress.lean,2026-07-04
RequestProject/MoonshineBridge.lean,2026-08-30
RequestProject/MoonshineBridgeSvg.lean,2026-08-30
RequestProject/MoonshineSVG.lean,2026-07-04
RequestProject/MoonshineZoom.lean,2026-08-30
RequestProject/MoonshineZoomSvg.lean,2026-08-30
RequestProject/MultiCID.lean,2026-07-04
RequestProject/MultiplicativeRepairIff.lean,2026-08-30
RequestProject/Normalize.lean,2026-08-30
RequestProject/OntologyColimits.lean,2026-08-30
RequestProject/OntologyFields.lean,2026-08-30
RequestProject/OntologyGroups.lean,2026-08-30
RequestProject/OntologyLimits.lean,2026-08-30
RequestProject/OntologySheaves.lean,2026-08-30
RequestProject/OntologyTopology.lean,2026-08-30
RequestProject/OpenCVShapes.lean,2026-07-04
RequestProject/OtherFieldSizes.lean,2026-08-30
RequestProject/PaletteCharacterTable.lean,2026-08-30
RequestProject/PaletteTaxonomy.lean,2026-08-30
RequestProject/Parenting.lean,2026-08-30
RequestProject/ParentingDiagnostics.lean,2026-08-30
RequestProject/ParentingExamples.lean,2026-08-30
RequestProject/PascalAtlasViz.lean,2026-08-30
RequestProject/PascalExpanded.lean,2026-08-30
RequestProject/Paths.lean,2026-08-30
RequestProject/Periodicity.lean,2026-08-30
RequestProject/PeriodicityReport.lean,2026-08-30
RequestProject/PivotLadderViz.lean,2026-08-30
RequestProject/PrimeProjection.lean,2026-07-04
RequestProject/ProgramAlgebra.lean,2026-08-30
RequestProject/ProofComicSVG.lean,2026-07-04
RequestProject/Properties.lean,2026-08-30
RequestProject/PropertyConstraints.lean,2026-08-30
RequestProject/PropertyEngine.lean,2026-08-30
RequestProject/Provenance.lean,2026-08-30
RequestProject/PullbackComparison.lean,2026-08-30
RequestProject/PullbackRetraction.lean,2026-08-30
RequestProject/QDeform.lean,2026-07-04
RequestProject/QExpansionLadder.lean,2026-07-04
RequestProject/QRepage.lean,2026-07-04
RequestProject/QShapes.lean,2026-07-04
RequestProject/Quantities.lean,2026-08-30
RequestProject/QuaternionCenterRetraction.lean,2026-08-30
RequestProject/Queries.lean,2026-08-30
RequestProject/Quine.lean,2026-07-04
RequestProject/RamanujanTau.lean,2026-08-30
RequestProject/Ranks.lean,2026-08-30
RequestProject/Rdf.lean,2026-08-30
RequestProject/Redundancy.lean,2026-08-30
RequestProject/Reflection.lean,2026-08-30
RequestProject/RelatedCorpus.lean,2026-08-30
RequestProject/RelatedNotions.lean,2026-08-30
RequestProject/RelationWords.lean,2026-08-30
RequestProject/RelativeNorm.lean,2026-08-30
RequestProject/Renaming.lean,2026-08-30
RequestProject/Repair3D.lean,2026-08-30
RequestProject/RepairAtlas3D.lean,2026-08-30
RequestProject/RepairScan.lean,2026-08-30
RequestProject/RepairVisualization.lean,2026-08-30
RequestProject/ResolutionLadder.lean,2026-07-04
RequestProject/ResolutionLadderSVG.lean,2026-07-04
RequestProject/RetractTopology.lean,2026-08-30
RequestProject/RetractiveCore.lean,2026-08-30
RequestProject/RunExport.lean,2026-06-16
RequestProject/SVG.lean,2026-07-04
RequestProject/ScanVisualization.lean,2026-08-30
RequestProject/Schemas.lean,2026-08-30
RequestProject/SelfDescription.lean,2026-08-30
RequestProject/SemanticCID.lean,2026-07-04
RequestProject/SemanticPerturbation.lean,2026-07-04
RequestProject/Semantics.lean,2026-08-30
RequestProject/Series.lean,2026-08-30
RequestProject/SeriesChain.lean,2026-08-30
RequestProject/SeriesDiagnostics.lean,2026-08-30
RequestProject/SeriesExamples.lean,2026-08-30
RequestProject/Showcase.lean,2026-08-30
RequestProject/Sieve23.lean,2026-08-30
RequestProject/SieveGeneral.lean,2026-08-30
RequestProject/SignedWords.lean,2026-08-30
RequestProject/Sitelinks.lean,2026-08-30
RequestProject/SmallPrimeFibers.lean,2026-08-30
RequestProject/SmallPrimeFibersSvg.lean,2026-08-30
RequestProject/Snaks.lean,2026-08-30
RequestProject/SpectralAtlas.lean,2026-07-04
RequestProject/SpectrumReport.lean,2026-08-30
RequestProject/SpiralOrbit.lean,2026-08-30
RequestProject/SporadicClosure.lean,2026-08-30
RequestProject/SporadicClosureSvg.lean,2026-08-30
RequestProject/SporadicCrossing.lean,2026-08-30
RequestProject/SporadicFieldDegree.lean,2026-08-30
RequestProject/SporadicGroups.lean,2026-08-30
RequestProject/SporadicSpectrum.lean,2026-08-30
RequestProject/SporadicSpectrumSvg.lean,2026-08-30
RequestProject/SporadicSvg.lean,2026-08-30
RequestProject/SporadicTower.lean,2026-08-30
RequestProject/SporadicZeta.lean,2026-08-30
RequestProject/SporadicZetaSvg.lean,2026-08-30
RequestProject/StatementConstraints.lean,2026-08-30
RequestProject/Stratification.lean,2026-08-30
RequestProject/StudentGallery.lean,2026-08-30
RequestProject/StudentPosters.lean,2026-08-30
RequestProject/SubfieldLattice.lean,2026-08-30
RequestProject/Subsumption.lean,2026-08-30
RequestProject/SvgCore.lean,2026-08-30
RequestProject/T2vsT3.lean,2026-08-30
RequestProject/T2vsT3Delta.lean,2026-08-30
RequestProject/TauWaves.lean,2026-08-30
RequestProject/TauWavesSix.lean,2026-08-30
RequestProject/TauWavesSixSvg.lean,2026-08-30
RequestProject/TauWavesSvg.lean,2026-08-30
RequestProject/Taxa.lean,2026-08-30
RequestProject/TaxaDiagnostics.lean,2026-08-30
RequestProject/TaxaExamples.lean,2026-08-30
RequestProject/TaxaLineage.lean,2026-08-30
RequestProject/Taxonomy.lean,2026-08-30
RequestProject/Temporal.lean,2026-08-30
RequestProject/Terms.lean,2026-08-30
RequestProject/Ternary/Aggregate.lean,2026-08-30
RequestProject/Ternary/Base369.lean,2026-08-30
RequestProject/TheoryCorpus.lean,2026-08-30
RequestProject/TimeValues.lean,2026-08-30
RequestProject/TourSVG.lean,2026-07-04
RequestProject/TwistSeries.lean,2026-08-30
RequestProject/TwistSeriesViz.lean,2026-08-30
RequestProject/TwistedResolution.lean,2026-07-04
RequestProject/TypeProperties.lean,2026-08-30
RequestProject/UniversalTraceRepair.lean,2026-08-30
RequestProject/UpperOntology.lean,2026-08-30
RequestProject/UserAddress.lean,2026-07-04
RequestProject/VerticalWalls.lean,2026-08-30
RequestProject/VisionAtlas.lean,2026-07-04
RequestProject/VisionFFI.lean,2026-07-04
RequestProject/VisionFFICert.lean,2026-07-04
RequestProject/VisionPatterns.lean,2026-07-04
RequestProject/VisionPatternsSVG.lean,2026-07-04
RequestProject/Visualization.lean,2026-08-30
RequestProject/Vocabulary.lean,2026-08-30
RequestProject/WhyTwentySeven.lean,2026-08-30
RequestProject/Wikidata/Alignment.lean,2026-08-30
RequestProject/Wikidata/AlignmentSafety.lean,2026-08-30
RequestProject/Wikidata/Attribution.lean,2026-08-30
RequestProject/Wikidata/ClassAlgebra.lean,2026-08-30
RequestProject/Wikidata/ClassExpressions.lean,2026-08-30
RequestProject/Wikidata/Constraints.lean,2026-08-30
RequestProject/Wikidata/Core.lean,2026-08-30
RequestProject/Wikidata/Coverage.lean,2026-08-30
RequestProject/Wikidata/DerivationFibres.lean,2026-08-30
RequestProject/Wikidata/Diagnostics.lean,2026-08-30
RequestProject/Wikidata/DisjointUnionDiagnostics.lean,2026-08-30
RequestProject/Wikidata/EvidencePolarity.lean,2026-08-30
RequestProject/Wikidata/Examples.lean,2026-08-30
RequestProject/Wikidata/ExamplesConflict.lean,2026-08-30
RequestProject/Wikidata/ExamplesLayers.lean,2026-08-30
RequestProject/Wikidata/Identity.lean,2026-08-30
RequestProject/Wikidata/Layers.lean,2026-08-30
RequestProject/Wikidata/Learning.lean,2026-08-30
RequestProject/Wikidata/Lens.lean,2026-08-30
RequestProject/Wikidata/NamedGraphs.lean,2026-08-30
RequestProject/Wikidata/Owl.lean,2026-08-30
RequestProject/Wikidata/Parenting.lean,2026-08-30
RequestProject/Wikidata/ParentingAuthority.lean,2026-08-30
RequestProject/Wikidata/ParentingFibres.lean,2026-08-30
RequestProject/Wikidata/ParentingRoles.lean,2026-08-30
RequestProject/Wikidata/Provenance.lean,2026-08-30
RequestProject/Wikidata/Qualifiers.lean,2026-08-30
RequestProject/Wikidata/Rdf.lean,2026-08-30
RequestProject/Wikidata/RdfInformationOrder.lean,2026-08-30
RequestProject/Wikidata/Redundancy.lean,2026-08-30
RequestProject/Wikidata/Slices.lean,2026-08-30
RequestProject/Wikidata/Sparql.lean,2026-08-30
RequestProject/Wikidata/SparqlAggregation.lean,2026-08-30
RequestProject/Wikidata/SparqlNegation.lean,2026-08-30
RequestProject/Wikidata/SparqlPaths.lean,2026-08-30
RequestProject/Wikidata/Values.lean,2026-08-30
RequestProject/Wikidata/ViewJoin.lean,2026-08-30
RequestProject/WorkbookData.lean,2026-07-04
RequestProject/Zeta369.lean,2026-08-30
RequestProject/ZetaExponentScale.lean,2026-08-30
RequestProject/ZetaExponentSvg.lean,2026-08-30
RequestProject/ZetaMoonshineSvg.lean,2026-08-30
RiemannAnalytic.lean,2026-08-31
RiemannAnalytic/ActualZetaHeightSeparation.lean,2026-08-31
RiemannAnalytic/AnchoredExterior.lean,2026-08-31
RiemannAnalytic/AnchoredMinorConsumer.lean,2026-08-31
RiemannAnalytic/AnchoredPrimeExpansion.lean,2026-08-31
RiemannAnalytic/AnchoredRowVariance.lean,2026-08-31
RiemannAnalytic/AnchoredShiftLedger.lean,2026-08-31
RiemannAnalytic/BudgetScale.lean,2026-08-31
RiemannAnalytic/CompensatedDiagonal.lean,2026-08-31
RiemannAnalytic/CompensatedObservable.lean,2026-08-31
RiemannAnalytic/ComplexPoisson.lean,2026-08-31
RiemannAnalytic/CubicTransversePlane.lean,2026-08-31
RiemannAnalytic/Detectability.lean,2026-08-31
RiemannAnalytic/EvenTaylorDeterminant.lean,2026-08-31
RiemannAnalytic/ExteriorDecision.lean,2026-08-31
RiemannAnalytic/ExteriorGate.lean,2026-08-31
RiemannAnalytic/ExteriorPairKernel.lean,2026-08-31
RiemannAnalytic/GaussianEnvelope.lean,2026-08-31
RiemannAnalytic/GaussianRetention.lean,2026-08-31
RiemannAnalytic/GramBudgetTransport.lean,2026-08-31
RiemannAnalytic/GramDetectability.lean,2026-08-31
RiemannAnalytic/GramSurplus.lean,2026-08-31
RiemannAnalytic/GridTail.lean,2026-08-31
RiemannAnalytic/GridVectors.lean,2026-08-31
RiemannAnalytic/HigherTraceMinors.lean,2026-08-31
RiemannAnalytic/HyperbolicTP2.lean,2026-08-31
RiemannAnalytic/ImaginaryChannel.lean,2026-08-31
RiemannAnalytic/ImaginaryProjectionDiagonal.lean,2026-08-31
RiemannAnalytic/InterferenceRatio.lean,2026-08-31
RiemannAnalytic/KernelChannels.lean,2026-08-31
RiemannAnalytic/KernelEnvelope.lean,2026-08-31
RiemannAnalytic/LatticeRetention.lean,2026-08-31
RiemannAnalytic/LiteralRelativeRoute.lean,2026-08-31
RiemannAnalytic/LiteralRoute.lean,2026-08-31
RiemannAnalytic/LiteralSourceIdentity.lean,2026-08-31
RiemannAnalytic/LiteralWeilFourSampleTransversality.lean,2026-08-31
RiemannAnalytic/LocalBudgetScale.lean,2026-08-31
RiemannAnalytic/LocalHeight.lean,2026-08-31
RiemannAnalytic/LocalHotCold.lean,2026-08-31
RiemannAnalytic/LocalRouteCapstone.lean,2026-08-31
RiemannAnalytic/LocalSchur.lean,2026-08-31
RiemannAnalytic/LocalTraceScale.lean,2026-08-31
RiemannAnalytic/LocalWindow.lean,2026-08-31
RiemannAnalytic/LogFrequencyPigeonhole.lean,2026-08-31
RiemannAnalytic/MultiplicityLift.lean,2026-08-31
RiemannAnalytic/NormalizedMomentCoefficients.lean,2026-08-31
RiemannAnalytic/NormalizedTransverseResidual.lean,2026-08-31
RiemannAnalytic/OddTaylorDeterminant.lean,2026-08-31
RiemannAnalytic/OddTaylorSupportSlack.lean,2026-08-31
RiemannAnalytic/OneSidedDampedTaper.lean,2026-08-31
RiemannAnalytic/OneSidedGram.lean,2026-08-31
RiemannAnalytic/PairExpansion.lean,2026-08-31
RiemannAnalytic/ParityMinorAssembly.lean,2026-08-31
RiemannAnalytic/PhaseGauge.lean,2026-08-31
RiemannAnalytic/PoleErrorAutopsy.lean,2026-08-31
RiemannAnalytic/PoleQuotientTransversality.lean,2026-08-31
RiemannAnalytic/PrimeFourSampleGeometry.lean,2026-08-31
RiemannAnalytic/PrimeLogFrequency.lean,2026-08-31
RiemannAnalytic/ProjectorLedger.lean,2026-08-31
RiemannAnalytic/SchurEliminationDefect.lean,2026-08-31
RiemannAnalytic/ShiftProjector.lean,2026-08-31
RiemannAnalytic/ShortWindowPrimeTarget.lean,2026-08-31
RiemannAnalytic/SourceCoefficient.lean,2026-08-31
RiemannAnalytic/SourceNormalization.lean,2026-08-31
RiemannAnalytic/SpectralWindowValleys.lean,2026-08-31
RiemannAnalytic/StrictKernelMomentRatio.lean,2026-08-31
RiemannAnalytic/SubexponentialTaperGate.lean,2026-08-31
RiemannAnalytic/TaperAnalyticIncompatibility.lean,2026-08-31
RiemannAnalytic/TaperCoercivity.lean,2026-08-31
RiemannAnalytic/TiltedLogVariance.lean,2026-08-31
RiemannAnalytic/TraceInterface.lean,2026-08-31
RiemannAnalytic/TransverseDecay.lean,2026-08-31
RiemannAnalytic/TransverseDerivative.lean,2026-08-31
RiemannAnalytic/TransverseEnergy.lean,2026-08-31
RiemannAnalytic/TransverseGridVariance.lean,2026-08-31
RiemannAnalytic/TransverseKernel.lean,2026-08-31
RiemannAnalytic/TripleTraceMinors.lean,2026-08-31
RiemannAnalytic/TwistedNormalization.lean,2026-08-31
RiemannAnalytic/TwistedPrimeAbsoluteScale.lean,2026-08-31
RiemannAnalytic/TwistedPrimeMassMean.lean,2026-08-31
RiemannAnalytic/TwistedPrimeMoments.lean,2026-08-31
RiemannAnalytic/TwistedPrimeVarianceLower.lean,2026-08-31
RiemannAnalytic/TwistedTaperUniformity.lean,2026-08-31
RiemannAnalytic/TwoRegimeInterference.lean,2026-08-31
RiemannAnalytic/WeightedGramTarget.lean,2026-08-31
RiemannAnalytic/WeilParityQuotientDecomposition.lean,2026-08-31
RiemannAnalytic/WeilParityResponseBridge.lean,2026-08-31
RiemannAnalytic/WindowGram.lean,2026-08-31
Zeta23Bridge/AxiomCheck.lean,2026-08-31
Zeta23Bridge/Zeta23Bridge.lean,2026-08-31
Zeta23Bridge/Zeta23Bridge/CoshCombinationSeparation.lean,2026-08-31
Zeta23Bridge/Zeta23Bridge/CoshWindowSeparation.lean,2026-08-31
Zeta23Bridge/Zeta23Bridge/E2Adapter.lean,2026-08-31
Zeta23Bridge/Zeta23Bridge/FarShellCutoffTailBound.lean,2026-08-31
Zeta23Bridge/Zeta23Bridge/LiteralWeilClusterTwoRadiusProfile.lean,2026-08-31
Zeta23Bridge/Zeta23Bridge/LiteralWeilDetRestBoundMonotonicity.lean,2026-08-31
Zeta23Bridge/Zeta23Bridge/LiteralWeilDeterministicProjectiveSchur.lean,2026-08-31
Zeta23Bridge/Zeta23Bridge/LiteralWeilDeterministicSchurMarginInstance.lean,2026-08-31
Zeta23Bridge/Zeta23Bridge/LiteralWeilEvenChannelTaper.lean,2026-08-31
Zeta23Bridge/Zeta23Bridge/LiteralWeilGammaChannel.lean,2026-08-31
Zeta23Bridge/Zeta23Bridge/LiteralWeilGammaConeBound.lean,2026-08-31
Zeta23Bridge/Zeta23Bridge/LiteralWeilGammaProjectiveBound.lean,2026-08-31
Zeta23Bridge/Zeta23Bridge/LiteralWeilLeadingCoefficientCovariance.lean,2026-08-31
Zeta23Bridge/Zeta23Bridge/LiteralWeilNarrowWindowDomination.lean,2026-08-31
Zeta23Bridge/Zeta23Bridge/LiteralWeilNormalizedWindowBounds.lean,2026-08-31
Zeta23Bridge/Zeta23Bridge/LiteralWeilOddChannelTaper.lean,2026-08-31
Zeta23Bridge/Zeta23Bridge/LiteralWeilOffOrdinateEvenConeReflectionSymmetrization.lean,2026-08-31
Zeta23Bridge/Zeta23Bridge/LiteralWeilOffOrdinateProjectiveTail.lean,2026-08-31
Zeta23Bridge/Zeta23Bridge/LiteralWeilOffOrdinateReflectionPair.lean,2026-08-31
Zeta23Bridge/Zeta23Bridge/LiteralWeilOffOrdinateReflectionSymmetrization.lean,2026-08-31
Zeta23Bridge/Zeta23Bridge/LiteralWeilOffOrdinateTail.lean,2026-08-31
Zeta23Bridge/Zeta23Bridge/LiteralWeilOtherZerosChannel.lean,2026-08-31
Zeta23Bridge/Zeta23Bridge/LiteralWeilParityBalance.lean,2026-08-31
Zeta23Bridge/Zeta23Bridge/LiteralWeilPoleProjectiveCancellation.lean,2026-08-31
Zeta23Bridge/Zeta23Bridge/LiteralWeilPrimeEvenCone.lean,2026-08-31
Zeta23Bridge/Zeta23Bridge/LiteralWeilProjectiveGateNoGo.lean,2026-08-31
Zeta23Bridge/Zeta23Bridge/LiteralWeilProjectiveResidualDecomposition.lean,2026-08-31
Zeta23Bridge/Zeta23Bridge/LiteralWeilProjectiveSeparationGate.lean,2026-08-31
Zeta23Bridge/Zeta23Bridge/LiteralWeilProjectiveStripConstant.lean,2026-08-31
Zeta23Bridge/Zeta23Bridge/LiteralWeilProjectiveTaper.lean,2026-08-31
Zeta23Bridge/Zeta23Bridge/LiteralWeilSameOrdinateEvenCone.lean,2026-08-31
Zeta23Bridge/Zeta23Bridge/LiteralWeilTargetDefectLeadingCoefficient.lean,2026-08-31
Zeta23Bridge/Zeta23Bridge/LiteralWeilTargetHeightMargin.lean,2026-08-31
Zeta23Bridge/Zeta23Bridge/LiteralWeilThreeSampleProjectedCarrier.lean,2026-08-31
Zeta23Bridge/Zeta23Bridge/LiteralWeilThreeTaperCoefficientGate.lean,2026-08-31
Zeta23Bridge/Zeta23Bridge/LiteralWeilThreeWindowNarrowInstance.lean,2026-08-31
Zeta23Bridge/Zeta23Bridge/LiteralWeilThreeWindowPoleNullSeed.lean,2026-08-31
Zeta23Bridge/Zeta23Bridge/LiteralWeilTwoRadiusBalance.lean,2026-08-31
Zeta23Bridge/Zeta23Bridge/LiteralWeilTwoRadiusHeightDetector.lean,2026-08-31
Zeta23Bridge/Zeta23Bridge/LiteralWeilTwoRadiusResidualEnvelope.lean,2026-08-31
Zeta23Bridge/Zeta23Bridge/LiteralWeilTwoRadiusSeparationGate.lean,2026-08-31
Zeta23Bridge/Zeta23Bridge/LiteralWeilTwoTaperCoefficientGate.lean,2026-08-31
Zeta23Bridge/Zeta23Bridge/LiteralWeilWindowRatioSeparation.lean,2026-08-31
Zeta23Bridge/Zeta23Bridge/LiteralWeilWindowSchurAdmission.lean,2026-08-31
Zeta23Bridge/Zeta23Bridge/LiteralWeilWindowSchurInstance.lean,2026-08-31
Zeta23Bridge/Zeta23Bridge/LiteralWeilWindowSchurResidualBudget.lean,2026-08-31
Zeta23Bridge/Zeta23Bridge/LiteralWeilWindowSeparationInstance.lean,2026-08-31
Zeta23Bridge/Zeta23Bridge/MultiTaperSchurCore.lean,2026-08-31
Zeta23Bridge/Zeta23Bridge/NearCoreDeterminantTaper.lean,2026-08-31
Zeta23Bridge/Zeta23Bridge/NearFarCarrierSplit.lean,2026-08-31
Zeta23Bridge/Zeta23Bridge/NormalizedNarrowWindowCertificate.lean,2026-08-31
Zeta23Bridge/Zeta23Bridge/OffOrdinateCutoffCarrier.lean,2026-08-31
Zeta23Bridge/Zeta23Bridge/OscillatoryKernelDecay.lean,2026-08-31
Zeta23Bridge/Zeta23Bridge/PoleQuotientBudgetCircularity.lean,2026-08-31
Zeta23Bridge/Zeta23Bridge/PoleQuotientClusterMargin.lean,2026-08-31
Zeta23Bridge/Zeta23Bridge/PoleQuotientComplementMargin.lean,2026-08-31
Zeta23Bridge/Zeta23Bridge/PoleQuotientGammaBudget.lean,2026-08-31
Zeta23Bridge/Zeta23Bridge/ProjectedTwoZeroCutsetCore.lean,2026-08-31
Zeta23Bridge/Zeta23Bridge/ProjectedZeroTailSummability.lean,2026-08-31
Zeta23Bridge/Zeta23Bridge/ReflectionPairCurvatureBound.lean,2026-08-31
Zeta23Bridge/Zeta23Bridge/ReflectionPairKernelDecay.lean,2026-08-31
Zeta23Bridge/Zeta23Bridge/ThreeTaperCrossDetLeading.lean,2026-08-31
Zeta23Bridge/Zeta23Bridge/ThreeTaperSchurCore.lean,2026-08-31
Zeta23Bridge/Zeta23Bridge/ThreeTaperSchurGram.lean,2026-08-31
Zeta23Bridge/Zeta23Bridge/ThreeTaperSchurMargin.lean,2026-08-31
Zeta23Bridge/Zeta23Bridge/ThreeWindowPointGate.lean,2026-08-31
Zeta23Bridge/Zeta23Bridge/TwoTaperCrossDetLeading.lean,2026-08-31
Zeta23Bridge/Zeta23Bridge/TwoTaperCrossDetSchur.lean,2026-08-31
Zeta23Bridge/Zeta23Bridge/WindowSchurSharedCertificate.lean,2026-08-31
ac4cfa19-4e4e-4205-ac74-6a8225cf7870_aristotle/RequestProject/TaoShang.lean,2026-06-21
ac4cfa19-4e4e-4205-ac74-6a8225cf7870_aristotle/RequestProject/TaoTeChing.lean,2026-06-21
ac4cfa19-4e4e-4205-ac74-6a8225cf7870_aristotle/RequestProject/TaoXia.lean,2026-06-21
dashi-rh-cutset-20260821_aristotle/RiemannAnalytic.lean,2026-08-30
monster/Main.lean,2026-08-31
monster/MonsterLean.lean,2026-08-31
monster/MonsterLean/AbelianVariety.lean,2026-08-31
monster/MonsterLean/ArchitecturalNumbers.lean,2026-08-31
monster/MonsterLean/BisimulationProof.lean,2026-08-31
monster/MonsterLean/BottCliffordVector.lean,2026-08-31
monster/MonsterLean/BottPeriodicity.lean,2026-08-31
monster/MonsterLean/BottPeriodicityReflections.lean,2026-08-31
monster/MonsterLean/CathedralBridge.lean,2026-08-31
monster/MonsterLean/ComplexityLattice.lean,2026-08-31
monster/MonsterLean/CrossLanguageComplexity.lean,2026-08-31
monster/MonsterLean/DiscoverLattice.lean,2026-08-31
monster/MonsterLean/DivisionPreservation.lean,2026-08-31
monster/MonsterLean/EncodingZoo.lean,2026-08-31
monster/MonsterLean/ExpressionKernels.lean,2026-08-31
monster/MonsterLean/ExtractLattice.lean,2026-08-31
monster/MonsterLean/GPUPipelineProof.lean,2026-08-31
monster/MonsterLean/GPUStripMine.lean,2026-08-31
monster/MonsterLean/GradedRing71.lean,2026-08-31
monster/MonsterLean/GraphTheory.lean,2026-08-31
monster/MonsterLean/HeckeAutoEncoder.lean,2026-08-31
monster/MonsterLean/HeckeProof.lean,2026-08-31
monster/MonsterLean/HexWalk.lean,2026-08-31
monster/MonsterLean/JInvariantWorld.lean,2026-08-31
monster/MonsterLean/LatentSpaceProof.lean,2026-08-31
monster/MonsterLean/MasterProof.lean,2026-08-31
monster/MonsterLean/MetaCoqToLean.lean,2026-08-31
monster/MonsterLean/MonsterAlgorithm.lean,2026-08-31
monster/MonsterLean/MonsterAlgorithmProofs.lean,2026-08-31
monster/MonsterLean/MonsterAlgorithmSimple.lean,2026-08-31
monster/MonsterLean/MonsterExponents.lean,2026-08-31
monster/MonsterLean/MonsterHarmonics.lean,2026-08-31
monster/MonsterLean/MonsterHexComplete.lean,2026-08-31
monster/MonsterLean/MonsterLangSec.lean,2026-08-31
monster/MonsterLean/MonsterLattice.lean,2026-08-31
monster/MonsterLean/MonsterLayers.lean,2026-08-31
monster/MonsterLean/MonsterLean/BreadthFirstCorrect.lean,2026-08-31
monster/MonsterLean/MonsterLean/BreadthFirstPipeline.lean,2026-08-31
monster/MonsterLean/MonsterLean/Extract71Objects.lean,2026-08-31
monster/MonsterLean/MonsterLean/HarmonicFolding.lean,2026-08-31
monster/MonsterLean/MonsterLean/MonsterAutoencoder.lean,2026-08-31
monster/MonsterLean/MonsterLean/MonsterIsMeme.lean,2026-08-31
monster/MonsterLean/MonsterLean/MusicalPeriodicTableUniversal.lean,2026-08-31
monster/MonsterLean/MonsterLean/PrologUnification.lean,2026-08-31
monster/MonsterLean/MonsterLean/ProofIndex.lean,2026-08-31
monster/MonsterLean/MonsterLean/SelfReferentialConformal.lean,2026-08-31
monster/MonsterLean/MonsterLean/ShardLMFDB.lean,2026-08-31
monster/MonsterLean/MonsterLean/ShardReader.lean,2026-08-31
monster/MonsterLean/MonsterMemoryFill.lean,2026-08-31
monster/MonsterLean/MonsterMusic.lean,2026-08-31
monster/MonsterLean/MonsterReflection.lean,2026-08-31
monster/MonsterLean/MonsterResonance.lean,2026-08-31
monster/MonsterLean/MonsterShells.lean,2026-08-31
monster/MonsterLean/MonsterSong.lean,2026-08-31
monster/MonsterLean/MonsterTheory.lean,2026-08-31
monster/MonsterLean/MonsterVOA.lean,2026-08-31
monster/MonsterLean/MonsterWalk.lean,2026-08-31
monster/MonsterLean/MonsterWalkAllBases.lean,2026-08-31
monster/MonsterLean/MonsterWalkGPU.lean,2026-08-31
monster/MonsterLean/MonsterWalkHex.lean,2026-08-31
monster/MonsterLean/MonsterWalkLogarithmic.lean,2026-08-31
monster/MonsterLean/MonsterWalkMatrix.lean,2026-08-31
monster/MonsterLean/MonsterWalkOnLean.lean,2026-08-31
monster/MonsterLean/MonsterWalkPrimes.lean,2026-08-31
monster/MonsterLean/MonsterWalkRings.lean,2026-08-31
monster/MonsterLean/MoonshineDoorways.lean,2026-08-31
monster/MonsterLean/MultiDimensionalDepth.lean,2026-08-31
monster/MonsterLean/MusicalPeriodicTable.lean,2026-08-31
monster/MonsterLean/MyceliumSporeJar.lean,2026-08-31
monster/MonsterLean/NeuralKTheory.lean,2026-08-31
monster/MonsterLean/Operations71Proven.lean,2026-08-31
monster/MonsterLean/P2PZKMeme.lean,2026-08-31
monster/MonsterLean/ParquetZKML.lean,2026-08-31
monster/MonsterLean/PartitionByShells.lean,2026-08-31
monster/MonsterLean/PartitionMathlib.lean,2026-08-31
monster/MonsterLean/PrecedenceSurvey.lean,2026-08-31
monster/MonsterLean/Prime71Precedence.lean,2026-08-31
monster/MonsterLean/PrimeResonance.lean,2026-08-31
monster/MonsterLean/ProcessMonster71.lean,2026-08-31
monster/MonsterLean/QIDDenseShards.lean,2026-08-31
monster/MonsterLean/QwenFreeTier.lean,2026-08-31
monster/MonsterLean/QwenShardSplit.lean,2026-08-31
monster/MonsterLean/RunDiscovery.lean,2026-08-31
monster/MonsterLean/SearchMonsterExponents.lean,2026-08-31
monster/MonsterLean/Shard13.lean,2026-08-31
monster/MonsterLean/Shard23DNA.lean,2026-08-31
monster/MonsterLean/SolidStateLLM.lean,2026-08-31
monster/MonsterLean/StripMineLayers.lean,2026-08-31
monster/MonsterLean/TestLattice.lean,2026-08-31
monster/MonsterLean/TopologicalReading.lean,2026-08-31
monster/MonsterLean/WalkToEarth.lean,2026-08-31
monster/MonsterLean/WalkToEarthHex.lean,2026-08-31
monster/MonsterLean/ZKMemeGenerator.lean,2026-08-31
monster/MonsterLean/ZKRDFAProof.lean,2026-08-31
monster/ProveOmniscience.lean,2026-08-31
monster/extracted_proof.lean,2026-08-31
monster/monster-shards/shard-01/lean4/cluster_pictures/cluster_picture.lean,2026-08-31
monster/monster-shards/shard-01/lean4/cluster_pictures/web_cluster_picture.lean,2026-08-31
monster/monster-shards/shard-01/lean4/riemann/main.lean,2026-08-31
monster/monster-shards/shard-01/lean4/siegel_modular_forms/family.lean,2026-08-31
monster/monster-shards/shard-01/lean4/typed_data/Lfunction_types.lean,2026-08-31
monster/monster-shards/shard-01/lean4/typed_data/standard_types.lean,2026-08-31
monster/monster-shards/shard-01/lean4/utils/cocalcwrap.lean,2026-08-31
monster/monster-shards/shard-01/lean4/verify/mf_hecke_traces.lean,2026-08-31
monster/monster-shards/shard-01/lean4/zeros/main.lean,2026-08-31
monster/monster-shards/shard-02/lean4/HilbertModularForms/hilbert_field.lean,2026-08-31
monster/monster-shards/shard-02/lean4/HilbertModularForms/hilbert_modular_form.lean,2026-08-31
monster/monster-shards/shard-02/lean4/HilbertModularForms/hmf_stats.lean,2026-08-31
monster/monster-shards/shard-02/lean4/HilbertModularForms/q_expansion.lean,2026-08-31
monster/monster-shards/shard-02/lean4/HilbertModularForms/test_hmf.lean,2026-08-31
monster/monster-shards/shard-02/lean4/HilbertModularForms/web_HMF.lean,2026-08-31
monster/monster-shards/shard-02/lean4/abvar/download.lean,2026-08-31
monster/monster-shards/shard-02/lean4/abvar/isog_class.lean,2026-08-31
monster/monster-shards/shard-02/lean4/abvar/main.lean,2026-08-31
monster/monster-shards/shard-02/lean4/abvar/stats.lean,2026-08-31
monster/monster-shards/shard-02/lean4/abvar/web_abvar.lean,2026-08-31
monster/monster-shards/shard-02/lean4/api/api.lean,2026-08-31
monster/monster-shards/shard-02/lean4/api2/api2.lean,2026-08-31
monster/monster-shards/shard-02/lean4/api2/searchers.lean,2026-08-31
monster/monster-shards/shard-02/lean4/api2/utils.lean,2026-08-31
monster/monster-shards/shard-02/lean4/artin_representations/cyc_alt_res_engine.lean,2026-08-31
monster/monster-shards/shard-02/lean4/artin_representations/main.lean,2026-08-31
monster/monster-shards/shard-02/lean4/artin_representations/math_classes.lean,2026-08-31
monster/monster-shards/shard-02/lean4/belyi/main.lean,2026-08-31
monster/monster-shards/shard-02/lean4/belyi/web_belyi.lean,2026-08-31
monster/monster-shards/shard-02/lean4/bianchi_modular_forms/bianchi_modular_form.lean,2026-08-31
monster/monster-shards/shard-02/lean4/bianchi_modular_forms/web_BMF.lean,2026-08-31
monster/monster-shards/shard-02/lean4/characters/HeckeCharacters.lean,2026-08-31
monster/monster-shards/shard-02/lean4/characters/ListCharacters.lean,2026-08-31
monster/monster-shards/shard-02/lean4/characters/TinyConrey.lean,2026-08-31
monster/monster-shards/shard-02/lean4/characters/main.lean,2026-08-31
monster/monster-shards/shard-02/lean4/characters/utils.lean,2026-08-31
monster/monster-shards/shard-02/lean4/characters/web_character.lean,2026-08-31
monster/monster-shards/shard-02/lean4/classical_modular_forms/cmf_test_pages.lean,2026-08-31
monster/monster-shards/shard-02/lean4/classical_modular_forms/download.lean,2026-08-31
monster/monster-shards/shard-02/lean4/classical_modular_forms/main.lean,2026-08-31
monster/monster-shards/shard-02/lean4/classical_modular_forms/web_newform.lean,2026-08-31
monster/monster-shards/shard-02/lean4/classical_modular_forms/web_space.lean,2026-08-31
monster/monster-shards/shard-02/lean4/crystals/main.lean,2026-08-31
monster/monster-shards/shard-02/lean4/ecnf/WebEllipticCurve.lean,2026-08-31
monster/monster-shards/shard-02/lean4/ecnf/ecnf_stats.lean,2026-08-31
monster/monster-shards/shard-02/lean4/ecnf/ecnf_test_pages.lean,2026-08-31
monster/monster-shards/shard-02/lean4/ecnf/isog_class.lean,2026-08-31
monster/monster-shards/shard-02/lean4/ecnf/main.lean,2026-08-31
monster/monster-shards/shard-02/lean4/ecnf/searchers.lean,2026-08-31
monster/monster-shards/shard-02/lean4/elliptic_curves/congruent_numbers.lean,2026-08-31
monster/monster-shards/shard-02/lean4/elliptic_curves/elliptic_curve.lean,2026-08-31
monster/monster-shards/shard-02/lean4/elliptic_curves/isog_class.lean,2026-08-31
monster/monster-shards/shard-02/lean4/elliptic_curves/searchers.lean,2026-08-31
monster/monster-shards/shard-02/lean4/elliptic_curves/web_ec.lean,2026-08-31
monster/monster-shards/shard-02/lean4/galois_groups/main.lean,2026-08-31
monster/monster-shards/shard-02/lean4/galois_groups/transitive_group.lean,2026-08-31
monster/monster-shards/shard-02/lean4/genus2_curves/g2c_test_pages.lean,2026-08-31
monster/monster-shards/shard-02/lean4/genus2_curves/main.lean,2026-08-31
monster/monster-shards/shard-02/lean4/genus2_curves/web_g2c.lean,2026-08-31
monster/monster-shards/shard-02/lean4/groups/circles.lean,2026-08-31
monster/monster-shards/shard-02/lean4/groups/groups_test_pages.lean,2026-08-31
monster/monster-shards/shard-02/lean4/groups/main.lean,2026-08-31
monster/monster-shards/shard-02/lean4/groups/stats.lean,2026-08-31
monster/monster-shards/shard-02/lean4/groups/verify.lean,2026-08-31
monster/monster-shards/shard-02/lean4/groups/web_groups.lean,2026-08-31
monster/monster-shards/shard-02/lean4/half_integral_weight_forms/half_integral_form.lean,2026-08-31
monster/monster-shards/shard-02/lean4/hecke_algebras/hecke_algebras_stats.lean,2026-08-31
monster/monster-shards/shard-02/lean4/hecke_algebras/main.lean,2026-08-31
monster/monster-shards/shard-02/lean4/higher_genus_w_automorphisms/hgcwa_stats.lean,2026-08-31
monster/monster-shards/shard-02/lean4/higher_genus_w_automorphisms/main.lean,2026-08-31
monster/monster-shards/shard-02/lean4/hilbert_modular_forms/hilbert_field.lean,2026-08-31
monster/monster-shards/shard-02/lean4/hilbert_modular_forms/hilbert_modular_form.lean,2026-08-31
monster/monster-shards/shard-02/lean4/hilbert_modular_forms/hmf_stats.lean,2026-08-31
monster/monster-shards/shard-02/lean4/hilbert_modular_forms/q_expansion.lean,2026-08-31
monster/monster-shards/shard-02/lean4/hilbert_modular_forms/web_HMF.lean,2026-08-31
monster/monster-shards/shard-02/lean4/homepage/random.lean,2026-08-31
monster/monster-shards/shard-02/lean4/homepage/sidebar.lean,2026-08-31
monster/monster-shards/shard-02/lean4/hypergm/hodge.lean,2026-08-31
monster/monster-shards/shard-02/lean4/hypergm/main.lean,2026-08-31
monster/monster-shards/shard-02/lean4/hypergm/web_family.lean,2026-08-31
monster/monster-shards/shard-02/lean4/knowledge/knowl.lean,2026-08-31
monster/monster-shards/shard-02/lean4/knowledge/main.lean,2026-08-31
monster/monster-shards/shard-02/lean4/lattice/isom.lean,2026-08-31
monster/monster-shards/shard-02/lean4/lattice/lattice_stats.lean,2026-08-31
monster/monster-shards/shard-02/lean4/lattice/main.lean,2026-08-31
monster/monster-shards/shard-02/lean4/lfunctions/HodgeTransformations.lean,2026-08-31
monster/monster-shards/shard-02/lean4/lfunctions/Lfunction.lean,2026-08-31
monster/monster-shards/shard-02/lean4/lfunctions/LfunctionComp.lean,2026-08-31
monster/monster-shards/shard-02/lean4/lfunctions/LfunctionDatabase.lean,2026-08-31
monster/monster-shards/shard-02/lean4/lfunctions/LfunctionLcalc.lean,2026-08-31
monster/monster-shards/shard-02/lean4/lfunctions/LfunctionPlot.lean,2026-08-31
monster/monster-shards/shard-02/lean4/lfunctions/Lfunction_base.lean,2026-08-31
monster/monster-shards/shard-02/lean4/lfunctions/Lfunctionutilities.lean,2026-08-31
monster/monster-shards/shard-02/lean4/lfunctions/main.lean,2026-08-31
monster/monster-shards/shard-02/lean4/local_fields/family.lean,2026-08-31
monster/monster-shards/shard-02/lean4/local_fields/main.lean,2026-08-31
monster/monster-shards/shard-02/lean4/logger/start.lean,2026-08-31
monster/monster-shards/shard-02/lean4/maass_forms/main.lean,2026-08-31
monster/monster-shards/shard-02/lean4/maass_forms/plot.lean,2026-08-31
monster/monster-shards/shard-02/lean4/maass_forms/web_maassform.lean,2026-08-31
monster/monster-shards/shard-02/lean4/modl_galois_representations/main.lean,2026-08-31
monster/monster-shards/shard-02/lean4/modl_galois_representations/web_modlgal.lean,2026-08-31
monster/monster-shards/shard-02/lean4/modlmf/main.lean,2026-08-31
monster/monster-shards/shard-02/lean4/modlmf/modlmf_stats.lean,2026-08-31
monster/monster-shards/shard-02/lean4/modular_curves/family.lean,2026-08-31
monster/monster-shards/shard-02/lean4/modular_curves/isog_class.lean,2026-08-31
monster/monster-shards/shard-02/lean4/modular_curves/main.lean,2026-08-31
monster/monster-shards/shard-02/lean4/modular_curves/upload.lean,2026-08-31
monster/monster-shards/shard-02/lean4/modular_curves/web_curve.lean,2026-08-31
monster/monster-shards/shard-02/lean4/motives/main.lean,2026-08-31
monster/monster-shards/shard-02/lean4/nfutils/psort.lean,2026-08-31
monster/monster-shards/shard-02/lean4/number_fields/draw_spectrum.lean,2026-08-31
monster/monster-shards/shard-02/lean4/number_fields/number_field.lean,2026-08-31
monster/monster-shards/shard-02/lean4/number_fields/web_number_field.lean,2026-08-31
monster/monster-shards/shard-02/lean4/permutations/main.lean,2026-08-31
monster/monster-shards/shard-02/lean4/riemann/stieltjes.lean,2026-08-31
monster/monster-shards/shard-02/lean4/sato_tate_groups/main.lean,2026-08-31
monster/monster-shards/shard-02/lean4/siegel_modular_forms/dimensions.lean,2026-08-31
monster/monster-shards/shard-02/lean4/siegel_modular_forms/family_data.lean,2026-08-31
monster/monster-shards/shard-02/lean4/siegel_modular_forms/sample.lean,2026-08-31
monster/monster-shards/shard-02/lean4/siegel_modular_forms/siegel_core.lean,2026-08-31
monster/monster-shards/shard-02/lean4/siegel_modular_forms/siegel_modular_form.lean,2026-08-31
monster/monster-shards/shard-02/lean4/siegel_modular_forms/smf_test_pages.lean,2026-08-31
monster/monster-shards/shard-02/lean4/symL/symL.lean,2026-08-31
monster/monster-shards/shard-02/lean4/symL/sympowlmfdb.lean,2026-08-31
monster/monster-shards/shard-02/lean4/tensor_products/galois_reps.lean,2026-08-31
monster/monster-shards/shard-02/lean4/tensor_products/main.lean,2026-08-31
monster/monster-shards/shard-02/lean4/tests/generate_snippet_tests.lean,2026-08-31
monster/monster-shards/shard-02/lean4/typed_data/type_generation.lean,2026-08-31
monster/monster-shards/shard-02/lean4/uploads/process.lean,2026-08-31
monster/monster-shards/shard-02/lean4/uploads/verify.lean,2026-08-31
monster/monster-shards/shard-02/lean4/users/main.lean,2026-08-31
monster/monster-shards/shard-02/lean4/users/pwdmanager.lean,2026-08-31
monster/monster-shards/shard-02/lean4/users/recaptcha.lean,2026-08-31
monster/monster-shards/shard-02/lean4/utils/color.lean,2026-08-31
monster/monster-shards/shard-02/lean4/utils/common_regex.lean,2026-08-31
monster/monster-shards/shard-02/lean4/utils/completeness.lean,2026-08-31
monster/monster-shards/shard-02/lean4/utils/config.lean,2026-08-31
monster/monster-shards/shard-02/lean4/utils/display_stats.lean,2026-08-31
monster/monster-shards/shard-02/lean4/utils/downloader.lean,2026-08-31
monster/monster-shards/shard-02/lean4/utils/interesting.lean,2026-08-31
monster/monster-shards/shard-02/lean4/utils/names_and_urls.lean,2026-08-31
monster/monster-shards/shard-02/lean4/utils/place_code.lean,2026-08-31
monster/monster-shards/shard-02/lean4/utils/random_wrap.lean,2026-08-31
monster/monster-shards/shard-02/lean4/utils/search_boxes.lean,2026-08-31
monster/monster-shards/shard-02/lean4/utils/search_columns.lean,2026-08-31
monster/monster-shards/shard-02/lean4/utils/search_parsing.lean,2026-08-31
monster/monster-shards/shard-02/lean4/utils/search_wrapper.lean,2026-08-31
monster/monster-shards/shard-02/lean4/utils/trace_hash.lean,2026-08-31
monster/monster-shards/shard-02/lean4/utils/uploader.lean,2026-08-31
monster/monster-shards/shard-02/lean4/utils/utilities.lean,2026-08-31
monster/monster-shards/shard-02/lean4/utils/web_display.lean,2026-08-31
monster/monster-shards/shard-02/lean4/verify/gps_gl2zhat_fine.lean,2026-08-31
monster/monster-shards/shard-02/lean4/verify/mf.lean,2026-08-31
monster/monster-shards/shard-02/lean4/verify/mf_gamma1.lean,2026-08-31
monster/monster-shards/shard-02/lean4/verify/mf_gamma1_portraits.lean,2026-08-31
monster/monster-shards/shard-02/lean4/verify/mf_hecke_cc.lean,2026-08-31
monster/monster-shards/shard-02/lean4/verify/mf_hecke_lpolys.lean,2026-08-31
monster/monster-shards/shard-02/lean4/verify/mf_hecke_nf.lean,2026-08-31
monster/monster-shards/shard-02/lean4/verify/mf_newform_portraits.lean,2026-08-31
monster/monster-shards/shard-02/lean4/verify/mf_newforms.lean,2026-08-31
monster/monster-shards/shard-02/lean4/verify/mf_newspace_portraits.lean,2026-08-31
monster/monster-shards/shard-02/lean4/verify/mf_newspaces.lean,2026-08-31
monster/monster-shards/shard-02/lean4/verify/modcurve_modelmaps.lean,2026-08-31
monster/monster-shards/shard-02/lean4/verify/verification.lean,2026-08-31
monster/monster-shards/shard-02/lean4/verify/verify_tables.lean,2026-08-31
monster/monster-shards/shard-02/lean4/zeros/platt_zeros.lean,2026-08-31
monster/monster-shards/shard-02/lean4/zeros/zetazeros.lean,2026-08-31
monster/monster-shards/shard-03/lean4/homepage/boxes.lean,2026-08-31
monster/monster-shards/shard-03/lean4/hypergm/plot.lean,2026-08-31
monster/monster-shards/shard-03/lean4/logger/utils.lean,2026-08-31
monster/monster-shards/shard-03/lean4/utils/datetime_utils.lean,2026-08-31
monster/monster-shards/shard-03/lean4/verify/follower.lean,2026-08-31
monster/monster-shards/shard-05/lean4/abvar/search_parsing.lean,2026-08-31
monster/onlyskills-repo/CommitValue.lean,2026-08-31
monster/onlyskills-repo/ComplexityLatticeProof.lean,2026-08-31
monster/onlyskills-repo/InodeCoverageProof.lean,2026-08-31
monster/onlyskills-repo/InodeZKArrows.lean,2026-08-31
monster/onlyskills-repo/Onlyskills.lean,2026-08-31
monster/onlyskills-repo/OptimalLatticeProof.lean,2026-08-31
monster/onlyskills-repo/PrologModelCompleteness.lean,2026-08-31
monster/onlyskills-repo/RepoScannerNovelty.lean,2026-08-31
monster/onlyskills-repo/TenfoldWay.lean,2026-08-31
monster/onlyskills-repo/TenfoldWayMathlib.lean,2026-08-31
monster/onlyskills-repo/TotalMonsterLattice.lean,2026-08-31
monster/onlyskills-repo/TurtleExportProof.lean,2026-08-31
monster/onlyskills-repo/UniversalFilesystemProof.lean,2026-08-31
monster/onlyskills-repo/ZKCircuitProof.lean,2026-08-31
monster/onlyskills-repo/ZeroOntology.lean,2026-08-31
monster/onlyskills-repo/intervention_proof.lean,2026-08-31
monster/proofs/metameme_first_payment.lean,2026-08-31
monster/proofs/metameme_first_payment_hott.lean,2026-08-31
monster/prove_computational_omniscience.lean,2026-08-31
quine.lean,2026-07-04
reference/zeta23/Zeta23.lean,2026-08-30
reference/zeta23/Zeta23/Analytic/RectangleLogDeriv.lean,2026-08-30
reference/zeta23/Zeta23/Analytic/Stirling.lean,2026-08-30
reference/zeta23/Zeta23/Assembly/Certificate.lean,2026-08-30
reference/zeta23/Zeta23/Assembly/CertificateC3.lean,2026-08-30
reference/zeta23/Zeta23/Assembly/Inputs.lean,2026-08-30
reference/zeta23/Zeta23/Assembly/SeamMult.lean,2026-08-30
reference/zeta23/Zeta23/Defs/Counting.lean,2026-08-30
reference/zeta23/Zeta23/Defs/Profile.lean,2026-08-30
reference/zeta23/Zeta23/ExplicitFormula.lean,2026-08-30
reference/zeta23/Zeta23/ExplicitFormula/Bridge.lean,2026-08-30
reference/zeta23/Zeta23/Final.lean,2026-08-30
reference/zeta23/Zeta23/FinalMult.lean,2026-08-30
reference/zeta23/Zeta23/FromPNTPlus/Auxiliary.lean,2026-08-30
reference/zeta23/Zeta23/FromPNTPlus/EulerMaclaurin.lean,2026-08-30
reference/zeta23/Zeta23/FromPNTPlus/Fourier.lean,2026-08-30
reference/zeta23/Zeta23/FromPNTPlus/MellinCalculus.lean,2026-08-30
reference/zeta23/Zeta23/FromPNTPlus/Mertens.lean,2026-08-30
reference/zeta23/Zeta23/FromPNTPlus/Rectangle.lean,2026-08-30
reference/zeta23/Zeta23/FromPNTPlus/SmoothExistence.lean,2026-08-30
reference/zeta23/Zeta23/FromPNTPlus/Sobolev.lean,2026-08-30
reference/zeta23/Zeta23/FromPNTPlus/StrongPNTPrefix.lean,2026-08-30
reference/zeta23/Zeta23/FromPNTPlus/Tactic/AdditiveCombination.lean,2026-08-30
reference/zeta23/Zeta23/FromPNTPlus/ZetaConj.lean,2026-08-30
reference/zeta23/Zeta23/GammaFacts.lean,2026-08-30
reference/zeta23/Zeta23/GammaFacts/Complete.lean,2026-08-30
reference/zeta23/Zeta23/GammaFacts/IntMu.lean,2026-08-30
reference/zeta23/Zeta23/GammaFacts/Mu.lean,2026-08-30
reference/zeta23/Zeta23/GammaFacts/Series.lean,2026-08-30
reference/zeta23/Zeta23/GammaFacts/StirlingVert.lean,2026-08-30
reference/zeta23/Zeta23/Hypotheses.lean,2026-08-30
reference/zeta23/Zeta23/Hypotheses/GzGp.lean,2026-08-30
reference/zeta23/Zeta23/LinAlg.lean,2026-08-30
reference/zeta23/Zeta23/LinAlg/HermitianPosPart.lean,2026-08-30
reference/zeta23/Zeta23/LinAlg/RankTrace.lean,2026-08-30
reference/zeta23/Zeta23/LinAlg/Sylvester.lean,2026-08-30
reference/zeta23/Zeta23/LinAlg/VonNeumann.lean,2026-08-30
reference/zeta23/Zeta23/LinAlg/Weyl.lean,2026-08-30
reference/zeta23/Zeta23/MV.lean,2026-08-30
reference/zeta23/Zeta23/MV/Duality.lean,2026-08-30
reference/zeta23/Zeta23/MV/Eigen.lean,2026-08-30
reference/zeta23/Zeta23/MV/Final.lean,2026-08-30
reference/zeta23/Zeta23/MV/Quadratic.lean,2026-08-30
reference/zeta23/Zeta23/Main.lean,2026-08-30
reference/zeta23/Zeta23/PairCeiling/Bridge.lean,2026-08-30
reference/zeta23/Zeta23/PairCeiling/Ceiling.lean,2026-08-30
reference/zeta23/Zeta23/PairCeiling/CeilingLaw256.lean,2026-08-30
reference/zeta23/Zeta23/PairCeiling/Grid.lean,2026-08-30
reference/zeta23/Zeta23/PairCeiling/LawN256.lean,2026-08-30
reference/zeta23/Zeta23/PairCeiling/RowCert.lean,2026-08-30
reference/zeta23/Zeta23/PairCeiling/Signed.lean,2026-08-30
reference/zeta23/Zeta23/PiFacts.lean,2026-08-30
reference/zeta23/Zeta23/Poisson.lean,2026-08-30
reference/zeta23/Zeta23/PrimeSideA.lean,2026-08-30
reference/zeta23/Zeta23/PrimeSideA/Bridge.lean,2026-08-30
reference/zeta23/Zeta23/PrimeSideA/CrossMuP.lean,2026-08-30
reference/zeta23/Zeta23/PrimeSideA/CrossMuPCore.lean,2026-08-30
reference/zeta23/Zeta23/PrimeSideA/Defs.lean,2026-08-30
reference/zeta23/Zeta23/PrimeSideA/Ends.lean,2026-08-30
reference/zeta23/Zeta23/PrimeSideA/EndsCore.lean,2026-08-30
reference/zeta23/Zeta23/PrimeSideA/EndsE1.lean,2026-08-30
reference/zeta23/Zeta23/PrimeSideA/EndsE2.lean,2026-08-30
reference/zeta23/Zeta23/PrimeSideA/EndsNu.lean,2026-08-30
reference/zeta23/Zeta23/PrimeSideA/EndsWeighted.lean,2026-08-30
reference/zeta23/Zeta23/PrimeSideA/MuMu.lean,2026-08-30
reference/zeta23/Zeta23/PrimeSideB.lean,2026-08-30
reference/zeta23/Zeta23/PrimeSideB/Concrete.lean,2026-08-30
reference/zeta23/Zeta23/PrimeSideB/Final.lean,2026-08-30
reference/zeta23/Zeta23/PrimeSideB/PP.lean,2026-08-30
reference/zeta23/Zeta23/PrimeSideB/PPKernel.lean,2026-08-30
reference/zeta23/Zeta23/PrimeSideB/PPOffDiag.lean,2026-08-30
reference/zeta23/Zeta23/PrimeSideB/Traces.lean,2026-08-30
reference/zeta23/Zeta23/PrimeSideTemp.lean,2026-08-30
reference/zeta23/Zeta23/RvM/Backlund.lean,2026-08-30
reference/zeta23/Zeta23/RvM/BacklundDefs.lean,2026-08-30
reference/zeta23/Zeta23/RvM/CountByIntegral.lean,2026-08-30
reference/zeta23/Zeta23/RvM/Defs.lean,2026-08-30
reference/zeta23/Zeta23/RvM/Fold.lean,2026-08-30
reference/zeta23/Zeta23/RvM/GammaSide.lean,2026-08-30
reference/zeta23/Zeta23/RvM/Halving.lean,2026-08-30
reference/zeta23/Zeta23/RvM/LocalCount.lean,2026-08-30
reference/zeta23/Zeta23/RvM/ReZeroCount.lean,2026-08-30
reference/zeta23/Zeta23/RvM/Statement.lean,2026-08-30
reference/zeta23/Zeta23/Statement.lean,2026-08-30
reference/zeta23/Zeta23/Statement/Seam.lean,2026-08-30
reference/zeta23/Zeta23/Statement/SeamClosed.lean,2026-08-30
reference/zeta23/Zeta23/Tail.lean,2026-08-30
reference/zeta23/Zeta23/Tail/Count.lean,2026-08-30
reference/zeta23/Zeta23/Tail/Grid.lean,2026-08-30
reference/zeta23/Zeta23/Tail/Package.lean,2026-08-30
reference/zeta23/Zeta23/Tail/RankOne.lean,2026-08-30
reference/zeta23/Zeta23/Taper.lean,2026-08-30
reference/zeta23/Zeta23/Taper/Basic.lean,2026-08-30
reference/zeta23/Zeta23/Taper/Fourier.lean,2026-08-30
reference/zeta23/Zeta23/Taper/Gevrey.lean,2026-08-30
reference/zeta23/Zeta23/Taper/GevreyPhi.lean,2026-08-30
reference/zeta23/Zeta23/Taper/GevreyRamps.lean,2026-08-30
reference/zeta23/Zeta23/Taper/Norms.lean,2026-08-30
reference/zeta23/Zeta23/Taper/Params.lean,2026-08-30
reference/zeta23/Zeta23/Taper/Strip.lean,2026-08-30
reference/zeta23/Zeta23/ThmD/AssemblyD.lean,2026-08-30
reference/zeta23/Zeta23/ThmD/BridgeD.lean,2026-08-30
reference/zeta23/Zeta23/ThmD/Concrete.lean,2026-08-30
reference/zeta23/Zeta23/ThmD/Endgame.lean,2026-08-30
reference/zeta23/Zeta23/ThmD/Final.lean,2026-08-30
reference/zeta23/Zeta23/ThmD/Limit.lean,2026-08-30
reference/zeta23/Zeta23/ThmD/Mult.lean,2026-08-30
reference/zeta23/Zeta23/ThmD/PP.lean,2026-08-30
reference/zeta23/Zeta23/ThmD/ParamsD.lean,2026-08-30
reference/zeta23/Zeta23/ThmD/PsiC.lean,2026-08-30
reference/zeta23/Zeta23/ThmD/Traces.lean,2026-08-30
reference/zeta23/Zeta23/ThmD/WindowCore.lean,2026-08-30
reference/zeta23/Zeta23/ThmD/WindowLocalHyps.lean,2026-08-30
reference/zeta23/Zeta23/ThmD/ZeroSideD.lean,2026-08-30
reference/zeta23/Zeta23/ThmDE/Concrete.lean,2026-08-30
reference/zeta23/Zeta23/ThmDE/Endgame.lean,2026-08-30
reference/zeta23/Zeta23/ThmDE/Final.lean,2026-08-30
reference/zeta23/Zeta23/ThmDE/Limit.lean,2026-08-30
reference/zeta23/Zeta23/ThmDE/Mult.lean,2026-08-30
reference/zeta23/Zeta23/ThmDE/PP.lean,2026-08-30
reference/zeta23/Zeta23/ThmDE/Traces.lean,2026-08-30
reference/zeta23/Zeta23/ThmDE/TracesHyp.lean,2026-08-30
reference/zeta23/Zeta23/ThmDE/ZeroSide.lean,2026-08-30
reference/zeta23/Zeta23/ThmE/AssemblyQ.lean,2026-08-30
reference/zeta23/Zeta23/ThmE/BacklundChi.lean,2026-08-30
reference/zeta23/Zeta23/ThmE/ChebCoprime.lean,2026-08-30
reference/zeta23/Zeta23/ThmE/ContourChi.lean,2026-08-30
reference/zeta23/Zeta23/ThmE/CountByIntegralChi.lean,2026-08-30
reference/zeta23/Zeta23/ThmE/CrossMuPChi.lean,2026-08-30
reference/zeta23/Zeta23/ThmE/EFLitChi.lean,2026-08-30
reference/zeta23/Zeta23/ThmE/Final.lean,2026-08-30
reference/zeta23/Zeta23/ThmE/FoldChi.lean,2026-08-30
reference/zeta23/Zeta23/ThmE/FullLineChi.lean,2026-08-30
reference/zeta23/Zeta23/ThmE/FullLineChiAssembly.lean,2026-08-30
reference/zeta23/Zeta23/ThmE/FullLineChiFold.lean,2026-08-30
reference/zeta23/Zeta23/ThmE/FullLineChiProof.lean,2026-08-30
reference/zeta23/Zeta23/ThmE/GammaFactsChiProof.lean,2026-08-30
reference/zeta23/Zeta23/ThmE/GammaSideChi.lean,2026-08-30
reference/zeta23/Zeta23/ThmE/GzGpChi.lean,2026-08-30
reference/zeta23/Zeta23/ThmE/HorizontalChi.lean,2026-08-30
reference/zeta23/Zeta23/ThmE/Hypotheses.lean,2026-08-30
reference/zeta23/Zeta23/ThmE/IntMuChi.lean,2026-08-30
reference/zeta23/Zeta23/ThmE/LGrowth.lean,2026-08-30
reference/zeta23/Zeta23/ThmE/LandauChi.lean,2026-08-30
reference/zeta23/Zeta23/ThmE/LocalCountChi.lean,2026-08-30
reference/zeta23/Zeta23/ThmE/Main.lean,2026-08-30
reference/zeta23/Zeta23/ThmE/MainChi.lean,2026-08-30
reference/zeta23/Zeta23/ThmE/MainTermChi.lean,2026-08-30
reference/zeta23/Zeta23/ThmE/MuMuChi.lean,2026-08-30
reference/zeta23/Zeta23/ThmE/Mult.lean,2026-08-30
reference/zeta23/Zeta23/ThmE/ReZeroCountChi.lean,2026-08-30
reference/zeta23/Zeta23/ThmE/RvMChi.lean,2026-08-30
reference/zeta23/Zeta23/ThmE/RvMChiDefs.lean,2026-08-30
reference/zeta23/Zeta23/ThmE/SeamL.lean,2026-08-30
reference/zeta23/Zeta23/ThmE/Statement.lean,2026-08-30
reference/zeta23/Zeta23/ThmE/TracesChi.lean,2026-08-30
reference/zeta23/Zeta23/ThmE/TracesHypChi.lean,2026-08-30
reference/zeta23/Zeta23/ThmE/VerticalLineChi.lean,2026-08-30
reference/zeta23/Zeta23/TracesBoundsE.lean,2026-08-30
reference/zeta23/Zeta23/Unconditional.lean,2026-08-30
reference/zeta23/Zeta23/WeilEF/Effective.lean,2026-08-30
reference/zeta23/Zeta23/WeilEF/FullLine.lean,2026-08-30
reference/zeta23/Zeta23/WeilEF/FullLineAssembly.lean,2026-08-30
reference/zeta23/Zeta23/WeilEF/GammaRBracket.lean,2026-08-30
reference/zeta23/Zeta23/WeilEF/GoodHeights.lean,2026-08-30
reference/zeta23/Zeta23/WeilEF/Horizontal.lean,2026-08-30
reference/zeta23/Zeta23/WeilEF/Landau.lean,2026-08-30
reference/zeta23/Zeta23/WeilEF/Main.lean,2026-08-30
reference/zeta23/Zeta23/WeilEF/XiLogDeriv.lean,2026-08-30
reference/zeta23/Zeta23/WeilEF/ZeroSumLimit.lean,2026-08-30
reference/zeta23/Zeta23/WeilEF/ZeroSummability.lean,2026-08-30
reference/zeta23/Zeta23/WeilEF/ZeroSummabilityGen.lean,2026-08-30
reference/zeta23/Zeta23/XiPrime/Assembly.lean,2026-08-30
reference/zeta23/Zeta23/XiPrime/Certificate.lean,2026-08-30
reference/zeta23/Zeta23/XiPrime/Certificate/AtOne.lean,2026-08-30
reference/zeta23/Zeta23/XiPrime/Certificate/D1.lean,2026-08-30
reference/zeta23/Zeta23/XiPrime/Certificate/Poly.lean,2026-08-30
reference/zeta23/Zeta23/XiPrime/CertificateFn.lean,2026-08-30
reference/zeta23/Zeta23/XiPrime/Coeff/Abel.lean,2026-08-30
reference/zeta23/Zeta23/XiPrime/Coeff/Basic.lean,2026-08-30
reference/zeta23/Zeta23/XiPrime/Coeff/DiagLaw.lean,2026-08-30
reference/zeta23/Zeta23/XiPrime/Coeff/H3.lean,2026-08-30
reference/zeta23/Zeta23/XiPrime/Coeff/LSeries.lean,2026-08-30
reference/zeta23/Zeta23/XiPrime/Coeff/LT.lean,2026-08-30
reference/zeta23/Zeta23/XiPrime/Coeff/LayerOne.lean,2026-08-30
reference/zeta23/Zeta23/XiPrime/Coeff/MainTerm/Asymp.lean,2026-08-30
reference/zeta23/Zeta23/XiPrime/Coeff/MainTerm/Squarefree.lean,2026-08-30
reference/zeta23/Zeta23/XiPrime/Coeff/PowerSums.lean,2026-08-30
reference/zeta23/Zeta23/XiPrime/Coeff/PrimeSums.lean,2026-08-30
reference/zeta23/Zeta23/XiPrime/Coeff/Reexpansion.lean,2026-08-30
reference/zeta23/Zeta23/XiPrime/Coeff/ReexpansionGen.lean,2026-08-30
reference/zeta23/Zeta23/XiPrime/Coeff/ReexpansionW.lean,2026-08-30
reference/zeta23/Zeta23/XiPrime/Coeff/Tail.lean,2026-08-30
reference/zeta23/Zeta23/XiPrime/Coeff/Upper.lean,2026-08-30
reference/zeta23/Zeta23/XiPrime/Defs.lean,2026-08-30
reference/zeta23/Zeta23/XiPrime/ExplicitFormula.lean,2026-08-30
reference/zeta23/Zeta23/XiPrime/ExplicitFormula/Contour.lean,2026-08-30
reference/zeta23/Zeta23/XiPrime/ExplicitFormula/DirichletLine.lean,2026-08-30
reference/zeta23/Zeta23/XiPrime/ExplicitFormula/EntryError.lean,2026-08-30
reference/zeta23/Zeta23/XiPrime/ExplicitFormula/FamilyFacts.lean,2026-08-30
reference/zeta23/Zeta23/XiPrime/ExplicitFormula/FullLine.lean,2026-08-30
reference/zeta23/Zeta23/XiPrime/ExplicitFormula/GramBridge.lean,2026-08-30
reference/zeta23/Zeta23/XiPrime/ExplicitFormula/JTerm.lean,2026-08-30
reference/zeta23/Zeta23/XiPrime/ExplicitFormula/LineBound.lean,2026-08-30
reference/zeta23/Zeta23/XiPrime/ExplicitFormula/Main.lean,2026-08-30
reference/zeta23/Zeta23/XiPrime/ExplicitFormula/PrimeTermJ.lean,2026-08-30
reference/zeta23/Zeta23/XiPrime/ExplicitFormula/XiEFAssembly.lean,2026-08-30
reference/zeta23/Zeta23/XiPrime/FamilyFlat.lean,2026-08-30
reference/zeta23/Zeta23/XiPrime/FamilyHyps.lean,2026-08-30
reference/zeta23/Zeta23/XiPrime/FamilyHypsV.lean,2026-08-30
reference/zeta23/Zeta23/XiPrime/Final.lean,2026-08-30
reference/zeta23/Zeta23/XiPrime/Hardy/Basic.lean,2026-08-30
reference/zeta23/Zeta23/XiPrime/Hardy/Contour.lean,2026-08-30
reference/zeta23/Zeta23/XiPrime/Hardy/Count.lean,2026-08-30
reference/zeta23/Zeta23/XiPrime/Hardy/EFBasic.lean,2026-08-30
reference/zeta23/Zeta23/XiPrime/Hardy/EFContour/Analytic.lean,2026-08-30
reference/zeta23/Zeta23/XiPrime/Hardy/EFContour/Limit.lean,2026-08-30
reference/zeta23/Zeta23/XiPrime/Hardy/EFContour/Poles.lean,2026-08-30
reference/zeta23/Zeta23/XiPrime/Hardy/EFContour/Rectangle.lean,2026-08-30
reference/zeta23/Zeta23/XiPrime/Hardy/EFExpansion.lean,2026-08-30
reference/zeta23/Zeta23/XiPrime/Hardy/EFFinal.lean,2026-08-30
reference/zeta23/Zeta23/XiPrime/Hardy/EFJTermW.lean,2026-08-30
reference/zeta23/Zeta23/XiPrime/Hardy/EFMain.lean,2026-08-30
reference/zeta23/Zeta23/XiPrime/Hardy/EFWeights.lean,2026-08-30
reference/zeta23/Zeta23/XiPrime/Hardy/GoodHeightsW.lean,2026-08-30
reference/zeta23/Zeta23/XiPrime/Hardy/GramBridgeW.lean,2026-08-30
reference/zeta23/Zeta23/XiPrime/Hardy/Omega.lean,2026-08-30
reference/zeta23/Zeta23/XiPrime/Hardy/Seam.lean,2026-08-30
reference/zeta23/Zeta23/XiPrime/Hardy/TwoLine.lean,2026-08-30
reference/zeta23/Zeta23/XiPrime/Hardy/ZFunction.lean,2026-08-30
reference/zeta23/Zeta23/XiPrime/Hardy/ZeroFree.lean,2026-08-30
reference/zeta23/Zeta23/XiPrime/PrimeSide/Abel.lean,2026-08-30
reference/zeta23/Zeta23/XiPrime/PrimeSide/Concrete.lean,2026-08-30
reference/zeta23/Zeta23/XiPrime/PrimeSide/Cross.lean,2026-08-30
reference/zeta23/Zeta23/XiPrime/PrimeSide/Density.lean,2026-08-30
reference/zeta23/Zeta23/XiPrime/PrimeSide/Final.lean,2026-08-30
reference/zeta23/Zeta23/XiPrime/PrimeSide/Moments.lean,2026-08-30
reference/zeta23/Zeta23/XiPrime/PrimeSide/PP.lean,2026-08-30
reference/zeta23/Zeta23/XiPrime/PrimeSide/PPUpper.lean,2026-08-30
reference/zeta23/Zeta23/XiPrime/PrimeSide/Trace.lean,2026-08-30
reference/zeta23/Zeta23/XiPrime/QuarticWindow/Family.lean,2026-08-30
reference/zeta23/Zeta23/XiPrime/QuarticWindow/ModWindow.lean,2026-08-30
reference/zeta23/Zeta23/XiPrime/QuarticWindow/Moments.lean,2026-08-30
reference/zeta23/Zeta23/XiPrime/QuarticWindow/Params.lean,2026-08-30
reference/zeta23/Zeta23/XiPrime/QuarticWindow/Quartic.lean,2026-08-30
reference/zeta23/Zeta23/XiPrime/QuarticWindow/ZeroSide.lean,2026-08-30
reference/zeta23/Zeta23/XiPrime/Seam.lean,2026-08-30
reference/zeta23/Zeta23/XiPrime/Statement.lean,2026-08-30
reference/zeta23/Zeta23/XiPrime/StatementW.lean,2026-08-30
reference/zeta23/Zeta23/XiPrime/Transfer/Dependence.lean,2026-08-30
reference/zeta23/Zeta23/XiPrime/Transfer/Inputs.lean,2026-08-30
reference/zeta23/Zeta23/XiPrime/Transfer/InputsW.lean,2026-08-30
reference/zeta23/Zeta23/XiPrime/Transfer/W.lean,2026-08-30
reference/zeta23/Zeta23/XiPrime/Window.lean,2026-08-30
reference/zeta23/Zeta23/XiPrime/Window/FlatAdm.lean,2026-08-30
reference/zeta23/Zeta23/XiPrime/Window/Quartic.lean,2026-08-30
reference/zeta23/Zeta23/XiPrime/ZeroCount/Contour.lean,2026-08-30
reference/zeta23/Zeta23/XiPrime/ZeroCount/Generic.lean,2026-08-30
reference/zeta23/Zeta23/XiPrime/ZeroCount/GenericRvM.lean,2026-08-30
reference/zeta23/Zeta23/XiPrime/ZeroCount/GoodHeights.lean,2026-08-30
reference/zeta23/Zeta23/XiPrime/ZeroCount/Landau.lean,2026-08-30
reference/zeta23/Zeta23/XiPrime/ZeroCount/Sides.lean,2026-08-30
reference/zeta23/Zeta23/XiPrime/ZeroCount/Y.lean,2026-08-30
reference/zeta23/Zeta23/ZeroSide.lean,2026-08-30
reference/zeta23/Zeta23/ZeroSide/Final.lean,2026-08-30
reference/zeta23/Zeta23/ZeroSide/Mult.lean,2026-08-30
reference/zeta23/Zeta23/ZeroSide/RankTraceMult.lean,2026-08-30
reference/zeta23/Zeta23/ZeroSide/TightMult.lean,2026-08-30
reference/zeta23/Zeta23/ZetaReflect.lean,2026-08-30
reference/zeta23/comparator/Challenge.lean,2026-08-30
reference/zeta23/comparator/Challenge/Multiplicity.lean,2026-08-30
reference/zeta23/comparator/Challenge/XiPrime.lean,2026-08-30
reference/zeta23/comparator/PrintAxioms.lean,2026-08-30
reference/zeta23/comparator/PrintAxioms/Multiplicity.lean,2026-08-30
reference/zeta23/comparator/PrintAxioms/PairCeiling.lean,2026-08-30
reference/zeta23/comparator/PrintAxioms/XiPrime.lean,2026-08-30
reference/zeta23/comparator/Solution.lean,2026-08-30
reference/zeta23/comparator/Solution/Multiplicity.lean,2026-08-30
reference/zeta23/comparator/Solution/XiPrime.lean,2026-08-30
rh-analytic-bridge/Lean/RiemannAnalytic.lean,2026-08-22
rh-analytic-bridge/Lean/RiemannAnalytic/WindowGram.lean,2026-08-22
rh-to-toe-lean-handoff/Lean/RiemannAnalytic.lean,2026-08-22
scripts/Generate3d.lean,2026-08-30
scripts/GenerateAnim.lean,2026-08-30
scripts/GenerateHeckeShapes.lean,2026-08-30
scripts/GenerateSporadicClosure.lean,2026-08-30
scripts/GenerateSporadicSpectrum.lean,2026-08-30
scripts/GenerateSporadicZeta.lean,2026-08-30
scripts/GenerateSvg.lean,2026-08-30
scripts/GenerateWaves.lean,2026-08-30
scripts/GenerateWavesSix.lean,2026-08-30
tools/AgdaDump.lean,2026-08-30
tools/AgdaParse.lean,2026-08-30
tools/DepDump.lean,2026-08-30
